first_author,year,full_entry
Aftab,2021,"Aftab, A., Khan, R., Shah, W., Azhar, M., Unar, A., Jafar Hussain, H.M. and Waqas, A. (2021). Computational analysis of Cyclin D1 gene SNPs and association with breast cancer. Bioscience Reports, 41(1), p.BSR20202269."
Aftimos,2021,"Aftimos, P., Oliveira, M., Irrthum, A., Fumagalli, D., Sotiriou, C., Gal-Yam, E.N., Robson, M.E., Ndozeng, J., Di Leo, A., Ciruelos, E.M. and De Azambuja, E. (2021). Genomic and Transcriptomic Analyses of Breast Cancer Primaries and Matched Metastases in AURORA, the Breast International Group (BIG) Molecular Screening InitiativeGenomics and Transcriptomics of Metastatic Breast Cancer. Cancer discovery, 11(11), pp.2796-2811."
Afzal,2022,"Afzal, S., Hassan, M., Ullah, S., Abbas, H., Tawakkal, F. and Khan, M.A. (2022). Breast cancer; discovery of novel diagnostic biomarkers, drug resistance, and therapeutic implications. Frontiers in molecular biosciences, 9, p.783450."
Aguilera,2012,"Aguilera, A. and García-Muse, T. (2012). R loops: from transcription byproducts to threats to genome stability. Molecular cell, 46(2), pp.115-124."
Ahmad,2023,"Ahmad, T., Kawasumi, R., Taniguchi, T., Abe, T., Terada, K., Tsuda, M., Shimizu, N., Tsurimoto, T., Takeda, S. and Hirota, K. (2023). The proofreading exonuclease of leading-strand DNA polymerase epsilon prevents replication fork collapse at broken template strands. Nucleic Acids Research, 51(22), pp.12288-12302."
Aktas,2019,"Aktas, B.Y., Guner, G., Guven, D.C., Arslan, C. and Dizdar, O. (2019). Exploiting DNA repair defects in breast cancer: from chemotherapy to immunotherapy. Expert review of anticancer therapy, 19(7), pp.589-601."
Ali,2023,"Ali, M., Khan, P., Mahmood, M., Han, J., Afzal, G., Qadeer, I., Azmal, S.A., El-Mouhty, N.R., Mahmoud, S.F., Jafri, I. and Ali, M. (2023). Positive Selection in Zinc Finger Protein Reveals Genetic Signatures of Adaptive Evolution in Undifferentiated Stem Cells during Evolution in Mammals. Journal of Zoological Systematics and Evolutionary Research, 2023(1), p.6693488."
Alkhateeb,2019,"Alkhateeb, A., Rezaeian, I., Singireddy, S., Cavallo-Medved, D., Porter, L.A. and Rueda, L. (2019). Transcriptomics signature from next-generation sequencing data reveals new transcriptomic biomarkers related to prostate cancer. Cancer informatics, 18, p.1176935119835522."
Allgöwer,2020,"Allgöwer, C., Kretz, A.L., von Karstedt, S., Wittau, M., Henne-Bruns, D. and Lemke, J. (2020). Friend or foe: S100 proteins in cancer. Cancers, 12(8), p.2037."
Amens,2021,"Amens, J.N., Bahçecioglu, G. and Zorlutuna, P. (2021). Immune system effects on breast cancer. Cellular and Molecular Bioengineering, 14(4), pp.279-292."
Anderson,2021,"Anderson, B.O., Ilbawi, A.M., Fidarova, E., Weiderpass, E., Stevens, L., Abdel-Wahab, M. and Mikkelsen, B. (2021). The Global Breast Cancer Initiative: a strategic collaboration to strengthen health care for non-communicable diseases. The Lancet Oncology, 22(5), pp.578-581."
Andersson,2020,"Andersson, R. and Sandelin, A. (2020). Determinants of enhancer and promoter activities of regulatory elements. Nature Reviews Genetics, 21(2), pp.71-87."
Arentson,2002,"Arentson, E., Faloon, P., Seo, J., Moon, E., Studts, J.M., Fremont, D.H. and Choi, K. (2002). Oncogenic potential of the DNA replication licensing protein CDT1. Oncogene, 21(8), pp.1150-1158."
Arlt,2009,"Arlt, M.F., Mulle, J.G., Schaibley, V.M., Ragland, R.L., Durkin, S.G., Warren, S.T. and Glover, T.W. (2009). Replication stress induces genome-wide copy number changes in human cells that resemble polymorphic and pathogenic variants. The American Journal of Human Genetics, 84(3), pp.339-350."
Arnoff,2021,"Arnoff, T.E. and El-Deiry, W.S. (2021). CDKN1A/p21WAF1, RB1, ARID1A, FLG, and HRNR mutation patterns provide insights into urinary tract environmental exposure carcinogenesis and potential treatment strategies. American Journal of Cancer Research, 11(11), p.5452."
Arumugam,2024,"Arumugam, T., Adimulam, T., Gokul, A. and Ramsuran, V. (2024). Variation within the non-coding genome influences genetic and epigenetic regulation of the human leukocyte antigen genes. Frontiers in Immunology, 15, p.1422834."
Assis,2022,"Assis, A.F., Oliveira, E.H., Donate, P.B., Giuliatti, S., Nguyen, C. and Passos, G.A. (2022). What is the transcriptome and how it is evaluated. In Transcriptomics in health and disease (pp. 3-50). Cham: Springer International Publishing."
Attalla,2021,"Attalla, S., Taifour, T., Bui, T. and Muller, W. (2021). Insights from transgenic mouse models of PyMT-induced breast cancer: recapitulating human breast cancer progression in vivo. Oncogene, 40(3), pp.475-491."
Avci,2025,"Avci, C.B., Bagca, B.G., Shademan, B., Takanlou, L.S., Takanlou, M.S. and Nourazarian, A. (2025). Precision oncology: Using cancer genomics for targeted therapy advancements. Biochimica et Biophysica Acta (BBA)-Reviews on Cancer, 1880(1), p.189250."
Avis,2008,"Avis, N.E. and Deimling, G.T. (2008). Cancer survivorship and aging. Cancer: interdisciplinary international journal of the american cancer society, 113(S12), pp.3519-3529."
Azimian,2022,"Azimian Zavareh, V., Rafiee, L., Sheikholeslam, M., Shariati, L., Vaseghi, G., Savoji, H. and Haghjooy Javanmard, S. (2022). Three-Dimensional in Vitro Models: A Promising Tool To Scale-Up Breast Cancer Research. ACS Biomaterials Science & Engineering, 8(11), pp.4648-4672."
Baan,2007,"Baan, R., Straif, K., Grosse, Y., Secretan, B., El Ghissassi, F., Bouvard, V., Altieri, A. and Cogliano, V. (2007). Carcinogenicity of alcoholic beverages. The lancet oncology, 8(4), pp.292-293."
Balloux,2018,"Balloux, F., Brynildsrud, O.B., Van Dorp, L., Shaw, L.P., Chen, H., Harris, K.A., Wang, H. and Eldholm, V. (2018). From theory to practice: translating whole-genome sequencing (WGS) into the clinic. Trends in microbiology, 26(12), pp.1035-1048."
Balzano,2022,"Balzano, E. (2022). Common Fragile Sites: a new tool to study chromosome instability diseases."
Barlow,2013,"Barlow, J.H., Faryabi, R.B., Callén, E., Wong, N., Malhowski, A., Chen, H.T., Gutierrez-Cruz, G., Sun, H.W., McKinnon, P., Wright, G. and Casellas, R. (2013). Identification of early replicating fragile sites that contribute to genome instability. Cell, 152(3), pp.620-632."
Barrangou,2013,"Barrangou, R. and Van Der Oost, J. (2013). CRISPR-Cas systems. RNA-Mediated Adaptative Immunity in Bacteria and Archaea. 1010079783642346576th ed. Heidelberg SVB, editor."
Barrett,2014,"Barrett, K.E., Keely, S.J. and Mrsny, R.J. (2014). CFTR and cancer: The role of ion channels in tumorigenesis. Physiology, 29(4), pp.264-275."
Barta,2019,"Barta, J.A., Powell, C.A. and Wisnivesky, J.P. (2019). Global epidemiology of lung cancer. Annals of global health, 85(1)."
Bartek,2003,"Bartek, J. and Lukas, J. (2003). Chk1 and Chk2 kinases in checkpoint control and cancer. Cancer cell, 3(5), pp.421-429."
Bartkova,2005,"Bartkova, J., Hořejší, Z., Koed, K., Krämer, A., Tort, F., Zieger, K., Guldberg, P., Sehested, M., Nesland, J.M., Lukas, C. and Ørntoft, T. (2005). DNA damage response as a candidate anti-cancer barrier in early human tumorigenesis. Nature, 434(7035), pp.864-870."
Bartkova,2006,"Bartkova, J., Rezaei, N., Liontos, M., Karakaidos, P., Kletsas, D., Issaeva, N., Vassiliou, L.V.F., Kolettas, E., Niforou, K., Zoumpourlis, V.C. and Takaoka, M. (2006). Oncogene-induced senescence is part of the tumorigenesis barrier imposed by DNA damage checkpoints. Nature, 444(7119), pp.633-637."
Basham,2001,"Basham, V.M., Lipscombe, J.M., Ward, J.M., Gayther, S.A., Ponder, B.A., Easton, D.F. and Pharoah, P.D. (2001). BRCA1 and BRCA2 mutations in a population-based study of male breast cancer. Breast Cancer Research, 4, pp.1-5."
Bax,1994,"Bax, A. (1994). Multidimensional nuclear magnetic resonance methods for protein studies. Current Opinion in Structural Biology, 4(5), pp.738-744."
Bednarek,2000,"Bednarek, A.K., Laflin, K.J., Daniel, R.L., Liao, Q., Hawkins, K.A. and Aldaz, C.M. (2000). WWOX, a novel WW domain-containing protein mapping to human chromosome 16q23. 3–24.1, a region frequently affected in breast cancer. Cancer research, 60(8), pp.2140-2145."
Bell,2006,"Bell, S.E., Sanchez, M.J., Spasic‐Boskovic, O., Santalucia, T., Gambardella, L., Burton, G.J., Murphy, J.J., Norton, J.D., Clark, A.R. and Turner, M. (2006). The RNA binding protein Zfp36l1 is required for normal vascularisation and post‐transcriptionally regulates VEGF expression. Developmental dynamics, 235(11), pp.3144-3155."
Berner,2019,"Berner, A.M., Morrissey, G.J. and Murugaesu, N. (2019). Clinical analysis of whole genome sequencing in cancer patients. Current Genetic Medicine Reports, 7, pp.136-143."
Beroukhim,2010,"Beroukhim, R., Mermel, C.H., Porter, D., Wei, G., Raychaudhuri, S., Donovan, J., Barretina, J., Boehm, J.S., Dobson, J., Urashima, M. and Mc Henry, K.T. (2010). The landscape of somatic copy-number alteration across human cancers. Nature, 463(7283), pp.899-905."
Beyaz,2022,"Beyaz, S., Aslan, A., Gok, O., Uslu, H., Agca, C.A. and Ozercan, I.H. (2022). In vivo, in vitro and in silico anticancer investigation of fullerene C60 on DMBA induced breast cancer in rats. Life sciences, 291, p.120281."
Bhardwaj,2019,"Bhardwaj, P., Au, C.C., Benito-Martin, A., Ladumor, H., Oshchepkova, S., Moges, R. and Brown, K.A., (2019). Estrogens and breast cancer: Mechanisms involved in obesity-related development, growth and progression. The Journal of steroid biochemistry and molecular biology, 189, pp.161-170."
Bignell,2010,"Bignell, G.R., Greenman, C.D., Davies, H., Butler, A.P., Edkins, S., Andrews, J.M., Buck, G., Chen, L., Beare, D., Latimer, C. and Widaa, S. (2010). Signatures of mutation and selection in the cancer genome. Nature, 463(7283), pp.893-898."
Bilousova,2005,"Bilousova, G., Marusyk, A., Porter, C.C., Cardiff, R.D. and DeGregori, J. (2005). Impaired DNA replication within progenitor cell pools promotes leukemogenesis. PLoS biology, 3(12), p.e401."
Bitomsky,2009,"Bitomsky, N. and Hofmann, T.G. (2009). Apoptosis and autophagy: Regulation of apoptosis by DNA damage signalling–roles of p53, p73 and HIPK2. The FEBS journal, 276(21), pp.6074-6083."
Blin,2019,"Blin, M., Le Tallec, B., Nähse, V., Schmidt, M., Brossas, C., Millot, G.A., Prioleau, M.N. and Debatisse, M. (2019). Transcription-dependent regulation of replication dynamics modulates genome stability. Nature structural & molecular biology, 26(1), pp.58-66."
Bochman,2012,"Bochman, M.L., Paeschke, K. and Zakian, V.A. (2012) DNA secondary structures: stability and function of G-quadruplex structures. Nature Reviews Genetics, 13(11), pp.770-780."
Boland,2013,"Boland, M.L., Chourasia, A.H. and Macleod, K.F. (2013). Mitochondrial dysfunction in cancer. Frontiers in oncology, 3, p.292."
Bolotin,2005,"Bolotin, A., Quinquis, B., Sorokin, A. and Ehrlich, S.D. (2005) Clustered regularly interspaced short palindrome repeats (CRISPRs) have spacers of extrachromosomal origin. Microbiology, 151(8), pp.2551-2561."
Bortner,2014,"Bortner, C.D. and Cidlowski, J.A. (2014). Ion channels and apoptosis in cancer. Philosophical Transactions of the Royal Society B: Biological Sciences, 369(1638), p.20130104."
Bourges,2004,"Bourges, I., Ramus, C., Mousson de camaret, B., Beugnot, R., Remacle, C., Cardol, P., Hofhaus, G. and Issartel, J.P. (2004). Structural organization of mitochondrial human complex I: role of the ND4 and ND5 mitochondria-encoded subunits and interaction with prohibitin. Biochemical Journal, 383(3), pp.491-499."
Boussouar,2010,"Boussouar, A. and Oberlé, S. (2010). Role of osteopetrosis-associated transmembrane protein (OSTM1) in lysosomal chloride regulation. Bone, 47(5), pp.873-882."
Bray,2018,"Bray, F., Ferlay, J., Soerjomataram, I., Siegel, R.L., Torre, L.A. and Jemal, A. (2018). Global cancer statistics 2018: GLOBOCAN estimates of incidence and mortality worldwide for 36 cancers in 185 countries. CA: a cancer journal for clinicians, 68(6), pp.394-424."
Bray,2012,"Bray, F., Jemal, A., Grey, N., Ferlay, J. and Forman, D. (2012). Global cancer transitions according to the Human Development Index (2008–2030): a population-based study. The lancet oncology, 13(8), pp.790-801."
Brecht,2015,"Brecht, M., Richardson, M., Taranath, A., Grist, S., Thorburn, D. and Bratkovic, D. (2015). Leigh syndrome caused by the MT-ND5 m. 13513G> A mutation: a case presenting with WPW-like conduction defect, cardiomyopathy, hypertension and hyponatraemia. JIMD Reports, Volume 19, pp.95-100."
Britt,2020,"Britt, K.L., Cuzick, J. and Phillips, K.A. (2020). Key steps for effective breast cancer prevention. Nature Reviews Cancer, 20(8), pp.417-436."
Briu,2021,"Briu, L.M., Maric, C. and Cadoret, J.C. (2021). Replication stress, genomic instability, and replication timing: A complex relationship. International Journal of Molecular Sciences, 22(9), p.4764."
Brix,2021,"Brix, N., Samaga, D., Belka, C., Zitzelsberger, H. and Lauber, K. (2021). Analysis of clonogenic growth in vitro. Nature protocols, 16(11), pp.4963-4991."
Brlek,2024,"Brlek, P., Bulić, L., Bračić, M., Projić, P., Škaro, V., Shah, N., Shah, P. and Primorac, D. (2024). Implementing whole genome sequencing (WGS) in clinical practice: advantages, challenges, and future perspectives. Cells, 13(6), p.504."
Bu,2021,"Bu, S., Lv, Y., Liu, Y., Qiao, S. and Wang, H. (2021). Zinc finger proteins in neuro-related diseases progression. Frontiers in neuroscience, 15, p.760567."
Bugde,2017,"Bugde, P., Biswas, R., Merien, F., Lu, J., Liu, D.X., Chen, M., Zhou, S. and Li, Y. (2017). The therapeutic potential of targeting ABC transporters to combat multi-drug resistance. Expert opinion on therapeutic targets, 21(5), pp.511-530."
Bumgarner,2013,"Bumgarner, R. (2013). Overview of DNA microarrays: types, applications, and their future. Current protocols in molecular biology, 101(1), pp.22-1."
Burguin,2021,"Burguin, A., Diorio, C. and Durocher, F. (2021). Breast cancer treatments: updates and new challenges. Journal of personalized medicine, 11(8), p.808."
Caldon,2014,"Caldon, C.E. (2014). Estrogen signaling and the DNA damage response in hormone dependent breast cancers. Frontiers in oncology, 4, p.106."
Cao,2020,"Cao, H., Chen, X., Wang, Z., Wang, L., Xia, Q. and Zhang, W. (2020). The role of MDM2–p53 axis dysfunction in the hepatocellular carcinoma transformation. Cell Death Discovery, 6(1), p.53."
Casamassimi,2023,"Casamassimi, A., Ciccodicola, A. and Rienzo, M. (2023). Transcriptional regulation and its misregulation in human diseases. International Journal of Molecular Sciences, 24(10), p.8640."
Cassandri,2017,"Cassandri, M., Smirnov, A., Novelli, F., Pitolli, C., Agostini, M., Malewicz, M., Melino, G. and Raschellà, G. (2017). Zinc-finger proteins in health and disease. Cell death discovery, 3(1), pp.1-12."
Cavalcante,2022,"Cavalcante, G.C., Ribeiro-dos-Santos, Â. and de Araújo, G.S. (2022). Mitochondria in tumour progression: a network of mtDNA variants in different types of cancer. BMC genomic data, 23(1), p.16."
Chai,2022,"Chai, C., Wu, H.H., Abuetabh, Y., Sergi, C. and Leng, R. (2022). Regulation of the tumor suppressor PTEN in triple-negative breast cancer. Cancer Letters, 527, pp.41-48."
Chang,2021,"Chang, D.Y., Ma, W.L. and Lu, Y.S. (2021). Role of Alpelisib in the treatment of PIK3CA-mutated breast Cancer: patient selection and clinical perspectives. Therapeutics and clinical risk management, pp.193-207."
Charpentier,2015,"Charpentier, E., Richter, H., van der Oost, J. and White, M.F. (2015). Biogenesis pathways of RNA guides in archaeal and bacterial CRISPR-Cas adaptive immunity. FEMS microbiology reviews, 39(3), pp.428-441."
Chen,2019,"Chen, S.H. and Chang, J.Y. (2019). New insights into mechanisms of cisplatin resistance: from tumor cell to microenvironment. International journal of molecular sciences, 20(17), p.4136."
Chen,2020,"Chen, W., Chen, M., Zhao, Z., Weng, Q., Song, J., Fang, S., Wu, X., Wang, H., Zhang, D., Yang, W. and Wang, Z., (2020). ZFP36 binds with PRC1 to inhibit tumor growth and increase 5-Fu chemosensitivity of hepatocellular carcinoma. Frontiers in molecular biosciences, 7, p.126."
Chiang,2022,"Chiang, H.L., Chen, Y.T., Su, J.Y., Lin, H.N., Yu, C.H.A., Hung, Y.J., Wang, Y.L., Huang, Y.T. and Lin, C.L. (2022). Mechanism and modeling of human disease-associated near-exon intronic variants that perturb RNA splicing. Nature Structural & Molecular Biology, 29(11), pp.1043-1055."
Chin,1992,"Chin, K.V., Pastan, I. and Gottesman, M.M. (1992). Function and regulation of the human multidrug resistance gene. Advances in cancer research, 60, pp.157-180."
Choi,2016,"Choi, J., Kim, D.I., Kim, J., Kim, B.H. and Kim, A. (2016). Hornerin is involved in breast cancer progression. Journal of breast cancer, 19(2), pp.142-147."
Choudhury,2016,"Choudhury, S.R., Cui, Y., Lubecka, K., Stefanska, B. and Irudayaraj, J. (2016). CRISPR-dCas9 mediated TET1 targeting for selective DNA demethylation at BRCA1 promoter. Oncotarget, 7(29), p.46545."
Chudasama,2018,"Chudasama, P., Mughal, S.S., Sanders, M.A., Hübschmann, D., Chung, I., Deeg, K.I., Wong, S.H., Rabe, S., Hlevnjak, M., Zapatka, M. and Ernst, A. (2018). Integrative genomic and transcriptomic analysis of leiomyosarcoma. Nature communications, 9(1), p.144."
Cicchetto,2023,"Cicchetto, A.C., Jacobson, E.C., Sunshine, H., Wilde, B.R., Krall, A.S., Jarrett, K.E., Sedgeman, L., Turner, M., Plath, K., Iruela-Arispe, M.L. and de Aguiar Vallim, T.Q. (2023). ZFP36-mediated mRNA decay regulates metabolism. Cell reports, 42(5)."
Claps,2021,"Claps, F. and Mir, M.C. (2021). Novel expanding renal cell carcinoma biomarkers. Société Internationale d’Urologie Journal, 2(1), pp.32-42."
Clarke,2021,"Clarke, R., Jones, B.C., Sevigny, C.M., Hilakivi-Clarke, L.A. and Sengupta, S. (2021). Experimental models of endocrine responsive breast cancer: Strengths, limitations, and use. Cancer Drug Resistance, 4(4), p.762."
Clemons,2002,"Clemons, M., Danson, S. and Howell, A. (2002). Tamoxifen (‘Nolvadex’): a review: Antitumour treatment. Cancer treatment reviews, 28(4), pp.165-180."
Colditz,2012,"Colditz, G.A., Wolin, K.Y. and Gehlert, S. (2012). Applying what we know to accelerate cancer prevention. Science translational medicine, 4(127), pp.127rv4-127rv4."
Coller,2007,"Coller, J. and Wickens, M. (2007). Tethered function assays: an adaptable approach to study RNA regulatory proteins. In Methods in enzymology (Vol. 429, pp. 299-321). Academic Press."
Colnaghi,2011,"Colnaghi, R., Carpenter, G., Volker, M. and O’Driscoll, M. (2011), October. The consequences of structural genomic alterations in humans: genomic disorders, genomic instability and cancer. In Seminars in cell & developmental biology (Vol. 22, No. 8, pp. 875-885). Academic Press."
Common,2019,"Common, J., Morley, D., Westra, E.R. and van Houte, S. (2019). CRISPR-Cas immunity leads to a coevolutionary arms race between Streptococcus thermophilus and lytic phage. Philosophical Transactions of the Royal Society B, 374(1772), p.20180098."
Comşa,2015,"Comşa, Ş., Cimpean, A.M. and Raica, M. (2015). The story of MCF-7 breast cancer cell line: 40 years of experience in research. Anticancer research, 35(6), pp.3147-3154."
Corso,2016,"Corso, G., Intra, M., Trentin, C., Veronesi, P. and Galimberti, V. (2016). CDH1 germline mutations and hereditary lobular breast cancer. Familial Cancer, 15, pp.215-219."
Couch,2015,"Couch, F.J., Hart, S.N., Sharma, P., Toland, A.E., Wang, X., Miron, P., Olson, J.E., Godwin, A.K., Pankratz, V.S., Olswold, C. and Slettedahl, S. (2015). Inherited mutations in 17 breast cancer susceptibility genes among a large triple-negative breast cancer cohort unselected for family history of breast cancer. Journal of clinical oncology, 33(4), p.304."
Curtis,2012,"Curtis, C., Shah, S.P., Chin, S.F., Turashvili, G., Rueda, O.M., Dunning, M.J., Speed, D., Lynch, A.G., Samarajiwa, S., Yuan, Y. and Gräf, S. (2012). The genomic and transcriptomic architecture of 2,000 breast tumours reveals novel subgroups. Nature, 486(7403), pp.346-352."
Czajkowski,2022,"Czajkowski, D., Szmyd, R. and Gee, H.E. (2022). Impact of DNA damage response defects in cancer cells on response to immunotherapy and radiotherapy. Journal of Medical Imaging and Radiation Oncology, 66(4), pp.546-559."
Czarnecka,2020,"Czarnecka, A.M., Synoradzki, K., Firlej, W., Bartnik, E., Sobczuk, P., Fiedorowicz, M., Grieb, P. and Rutkowski, P. (2020). Molecular biology of osteosarcoma. Cancers, 12(8), p.2130."
Darido,2016,"Darido, C., Georgy, S.R. and Jane, S.M. (2016). The role of barrier genes in epidermal malignancy. Oncogene, 35(44), pp.5705-5712."
De,2020,"De Talhouet, S., Peron, J., Vuilleumier, A., Friedlaender, A., Viassolo, V., Ayme, A., Bodmer, A., Treilleux, I., Lang, N., Tille, J.C. and Chappuis, P.O. (2020). Clinical outcome of breast cancer in carriers of BRCA1 and BRCA2 mutations according to molecular subtypes. Scientific reports, 10(1), p.7073."
Dedrick,2017,"Dedrick, R.M., Jacobs-Sera, D., Bustamante, C.A.G., Garlena, R.A., Mavrich, T.N., Pope, W.H., Reyes, J.C.C., Russell, D.A., Adair, T., Alvey, R. and Bonilla, J.A. (2017) Prophage-mediated defence against viral attack and viral counter-defence. Nature microbiology, 2(3), p.16251."
Denecker,2022,"Denecker, T. and Lelandais, G. (2022). Omics Analyses: How to Navigate Through a Constant Data Data Deluge. In Yeast Functional Genomics: Methods and Protocols (pp. 457-471). New York, NY: Springer US."
Deshpande,2022,"Deshpande, M., Paniza, T., Jalloul, N., Nanjangud, G., Twarowski, J., Koren, A., Zaninovic, N., Zhan, Q., Chadalavada, K., Malkova, A. and Khiabanian, H. (2022). Error-prone repair of stalled replication forks drives mutagenesis and loss of heterozygosity in haploinsufficient BRCA1 cells. Molecular cell, 82(20), pp.3781-3793."
Dinges,2019,"Dinges, S.S., Hohm, A., Vandergrift, L.A., Nowak, J., Habbel, P., Kaltashov, I.A. and Cheng, L.L. (2019). Cancer metabolomic markers in urine: Evidence, techniques and recommendations. Nature reviews urology, 16(6), pp.339-362."
Dockrell,2001,"Dockrell, D.H. (2001) Apoptotic cell death in the pathogenesis of infectious diseases. Journal of Infection, 42(4), pp.227-234."
Donato,2017,"Donato, R., Sorci, G. and Giambanco, I. (2017). S100A6 protein: functional roles. Cellular and Molecular Life Sciences, 74, pp.2749-2760."
Dufner,2015,"Dufner, A., Kisser, A., Niendorf, S., Basters, A., Reissig, S., Schönle, A., Aichem, A., Kurz, T., Schlosser, A., Yablonski, D. and Groettrup, M. (2015). The ubiquitin-specific protease USP8 is critical for the development and homeostasis of T cells. Nature immunology, 16(9), pp.950-960."
Duncan,2021,"Duncan, A.R., Polovitskaya, M.M., Gaitán-Peñas, H., Bertelli, S., VanNoy, G.E., Grant, P.E., O’Donnell-Luria, A., Valivullah, Z., Lovgren, A.K., England, E.M. and Agolini, E. (2021). Unique variants in CLCN3, encoding an endosomal anion/proton exchanger, underlie a spectrum of neurodevelopmental disorders. The American Journal of Human Genetics, 108(8), pp.1450-1465."
Duncan,2021,"Duncan, L.M., Mota-Vieira, L. and Edwards, J.C. (2021). The role of CLCN3 chloride channels in development and disease. Neuroscience Research, 168, pp.10-17."
Durkin,2007,"Durkin, S.G. and Glover, T.W. (2007). Chromosome fragile sites. Annu. Rev. Genet., 41(1), pp.169-192."
Durkin,2008,"Durkin, S.G., Ragland, R.L., Arlt, M.F., Mulle, J.G., Warren, S.T. and Glover, T.W. (2008). Replication stress induces tumor-like microdeletions in FHIT/FRA3B. Proceedings of the National Academy of Sciences, 105(1), pp.246-251."
Easton,1995,"Easton, D.F., Ford, D. and Bishop, D.T. (1995). Breast and ovarian cancer incidence in BRCA1-mutation carriers. Breast Cancer Linkage Consortium. American journal of human genetics, 56(1), p.265."
Ecco,2017,"Ecco, G., Imbeault, M. and Trono, D. (2017). KRAB zinc finger proteins. Development, 144(15), pp.2719-2729."
Ekholm-Reed,2004,"Ekholm-Reed, S., Méndez, J., Tedesco, D., Zetterberg, A., Stillman, B. and Reed, S.I. (2004). Deregulation of cyclin E in human cells interferes with prereplication complex assembly. The Journal of cell biology, 165(6), pp.789-800."
El-Derby,2024,"El-Derby, A.M., Khedr, M.A., Ghoneim, N.I., Gabr, M.M., Khater, S.M. and El-Badri, N. (2024). Plasma-derived extracellular matrix for xenofree and cost-effective organoid modeling for hepatocellular carcinoma. Journal of Translational Medicine, 22(1), p.487."
Elias,2017,"Elias, S., Morgan, M.A., Bikoff, E.K. and Robertson, E.J. (2017). Long-lived unipotent Blimp1-positive luminal stem cells drive mammary gland organogenesis throughout adult life. Nature communications, 8(1), p.1714."
Elsayed,2017,"Elsayed, H.E., Ebrahim, H.Y., Mohyeldin, M.M., Siddique, A.B., Kamal, A.M., Haggag, E.G. and El Sayed, K.A. (2017). Rutin as a novel c-Met inhibitory lead for the control of triple negative breast malignancies. Nutrition and cancer, 69(8), pp.1256-1271."
Emadi,2009,"Emadi, A., Jones, R.J. and Brodsky, R.A. (2009). Cyclophosphamide and cancer: golden anniversary. Nature reviews Clinical oncology, 6(11), pp.638-647."
Emerson,2009,"Emerson, R.O. and Thomas, J.H. (2009). Adaptive evolution in zinc finger transcription factors. PLoS genetics, 5(1), p.e1000325."
Engebraaten,2013,"Engebraaten, O., Vollan, H.K.M. and Børresen-Dale, A.L. (2013). Triple-negative breast cancer and the need for new therapeutic targets. The American journal of pathology, 183(4), pp.1064-1074."
Engvall,2021,"Engvall, M., Kawasaki, A., Carelli, V., Wibom, R., Bruhn, H., Lesko, N., Schober, F.A., Wredenberg, A., Wedell, A. and Träisk, F. (2021). Case report: a novel mutation in the mitochondrial MT-ND5 gene is associated with Leber hereditary optic neuropathy (LHON). Frontiers in Neurology, 12, p.652590."
Epifane-de-Assunção,2024,"Epifane-de-Assunção, M.C., Bispo, A.G., Ribeiro-dos-Santos, Â. and Cavalcante, G.C. (2024). Molecular alterations in Core subunits of mitochondrial complex I and their relation to Parkinson’s Disease. Molecular Neurobiology, pp.1-15."
Eren,2022,"Eren, K., Taktakoğlu, N. and Pirim, I. (2022). DNA sequencing methods: from past to present. The Eurasian journal of medicine, 54(Suppl 1), p.S47."
Ermini,2025,"Ermini, L. (2025). The Cancer Genome in the Long Reads Era. In Genome Assembly (pp. 317-359). New York, NY: Springer US."
Fan,2021,"Fan, Z., Huang, G., Zhao, J., Li, W., Lin, T., Su, Q., Yin, J. and Shen, J. (2021). Establishment and characterization of a highly metastatic human osteosarcoma cell line from osteosarcoma lung metastases. Journal of Bone Oncology, 29, p.100378."
Faure,2019,"Faure, G., Shmakov, S.A., Yan, W.X., Cheng, D.R., Scott, D.A., Peters, J.E., Makarova, K.S. and Koonin, E.V. (2019). CRISPR–Cas in mobile genetic elements: counter-defence and beyond. Nature Reviews Microbiology, 17(8), pp.513-525."
Felty,2005,"Felty, Q., Xiong, W.C., Sun, D., Sarkar, S., Singh, K.P., Parkash, J. and Roy, D. (2005). Estrogen-induced mitochondrial reactive oxygen species as signal-transducing messengers. Biochemistry, 44(18), pp.6900-6909."
Feng,2017,"Feng, W. and Chakraborty, A. (2017). Fragility extraordinaire: unsolved mysteries of chromosome fragile sites. DNA Replication: From Old Principles to New Discoveries, pp.489-526."
Ferlay,2019,"Ferlay, J., Colombet, M., Soerjomataram, I., Mathers, C., Parkin, D.M., Piñeros, M., Znaor, A. and Bray, F. (2019). Estimating the global cancer incidence and mortality in 2018: GLOBOCAN sources and methods. International journal of cancer, 144(8), pp.1941-1953."
Fernandez,2006,"Fernandez, S.V., Russo, I.H. and Russo, J. (2006). Estradiol and its metabolites 4‐hydroxyestradiol and 2‐hydroxyestradiol induce mutations in human breast epithelial cells. International journal of cancer, 118(8), pp.1862-1868."
Fernandez,2021,"Fernandez‐Vizarra, E. and Zeviani, M. (2021). Mitochondrial disorders of the OXPHOS system. FEBS letters, 595(8), pp.1062-1106."
Ferreira,2024,"Ferreira, T. and Rodriguez, S. (2024). Mitochondrial DNA: Inherent complexities relevant to genetic analyses. Genes, 15(5), p.617."
Finsterer,2022,"Finsterer, J. and Hayman, J. (2022). Mitochondrial encephalopathy, lactic acidosis and stroke-like episodes/Leigh overlap syndrome due to variant m. 13513G> A in MT-ND5. Cureus, 14(5)."
Fleming,2012,"Fleming, J.M., Ginsburg, E., Oliver, S.D., Goldsmith, P. and Vonderhaar, B.K. (2012). Hornerin, an S100 family protein, is functional in breast cells and aberrantly expressed in breast cancer. BMC cancer, 12, pp.1-12."
Foley,2015,"Foley, S.B., Rios, J.J., Mgbemena, V.E., Robinson, L.S., Hampel, H.L., Toland, A.E., Durham, L. and Ross, T.S. (2015). Use of whole genome sequencing for diagnosis and discovery in the cancer genetics clinic. EBioMedicine, 2(1), pp.74-81."
Formicola,2014,"Formicola, N., Sposato, G. and Paladino, S. (2014). The role of glycoprotein M6A in cancer progression. Cell Communication and Signaling, 12(1), pp.1-11."
Foulkes,2013,"Foulkes, W.D. and Shuen, A.Y. (2013). In brief: BRCA1 and BRCA2. The Journal of pathology, 230(4), pp.347-349."
Fraga-Corral,2022,"Fraga-Corral, M., Carpena, M., Garcia-Oliveira, P., Pereira, A.G., Prieto, M.A. and Simal-Gandara, J. (2022). Analytical metabolomics and applications in health, environmental and food science. Critical Reviews in Analytical Chemistry, 52(4), pp.712-734."
Friedenreich,2021,"Friedenreich, C.M., Ryder‐Burbidge, C. and McNeil, J. (2021). Physical activity, obesity and sedentary behavior in cancer etiology: epidemiologic evidence and biologic mechanisms. Molecular Oncology, 15(3), pp.790-800."
Fumet,2020,"Fumet, J.D., Truntzer, C., Yarchoan, M. and Ghiringhelli, F. (2020). Tumour mutational burden as a biomarker for immunotherapy: Current data and emerging concepts. European Journal of Cancer, 131, pp.40-50."
Fussell,2011,"Fussell, K.C., Udasin, R.G., Smith, P.J., Gallo, M.A. and Laskin, J.D. (2011). Catechol metabolites of endogenous estrogens induce redox cycling and generate reactive oxygen species in breast epithelial cells. Carcinogenesis, 32(8), pp.1285-1293."
Gaillard,2015,"Gaillard, H., García-Muse, T. and Aguilera, A. (2015). Replication stress and cancer. Nature Reviews Cancer, 15(5), pp.276-289."
Ganeshpurkar,2017,"Ganeshpurkar, A. and Saluja, A.K. (2017). The pharmacological potential of rutin. Saudi pharmaceutical journal, 25(2), pp.149-164."
Garcia-Martinez,2021,"Garcia-Martinez, L., Zhang, Y., Nakata, Y., Chan, H.L. and Morey, L. (2021). Epigenetic mechanisms in breast cancer therapy and resistance. Nature communications, 12(1), p.1786."
Gatti,2005,"Gatti, L. and Zunino, F. (2005). Overview of tumor cell chemoresistance mechanisms. Chemosensitivity: Volume II: In VIVO Models, Imaging, and Molecular Regulators, pp.127-148."
Ghosh,2019,"Ghosh, S. (2019). Cisplatin: The first metal based anticancer drug. Bioorganic chemistry, 88, p.102925."
Glover,2017,"Glover, T.W., Wilson, T.E. and Arlt, M.F. (2017). Fragile sites in cancer: more than meets the eye. Nature Reviews Cancer, 17(8), pp.489-501."
Golan,2014,"Golan, T., Kanji, Z.S., Epelbaum, R., Devaud, N., Dagan, E., Holter, S., Aderka, D., Paluch-Shimon, S., Kaufman, B., Gershoni-Baruch, R. and Hedley, D. (2014). Overall survival and clinical characteristics of pancreatic cancer in BRCA mutation carriers. British journal of cancer, 111(6), pp.1132-1138."
Gonzalez-Salinas,2020,"Gonzalez-Salinas, F., Rojo, R., Martinez-Amador, C., Herrera-Gamboa, J. and Trevino, V. (2020). Transcriptomic and cellular analyses of CRISPR/Cas9-mediated edition of FASN show inhibition of aggressive characteristics in breast cancer cells. Biochemical and Biophysical Research Communications, 529(2), pp.321-327."
Goswami,2025,"Goswami, K., Venkatachalam, K., Singh, S.P., Rao, C.V. and Madka, V. (2025). Chromatin Remodulator CHD4: A Potential Target for Cancer Interception. Genes, 16(2), p.225."
Gosztyla,2024,"Gosztyla, M.L., Zhan, L., Olson, S., Wei, X., Naritomi, J., Nguyen, G., Street, L., Goda, G.A., Cavazos, F.F., Schmok, J.C. and Jain, M. (2024). Integrated multi-omics analysis of zinc-finger proteins uncovers roles in RNA regulation. Molecular cell, 84(19), pp.3826-3842."
Greaves,2012,"Greaves, M. and Maley, C.C. (2012). Clonal evolution in cancer. Nature, 481(7381), pp.306-313."
Gu,2020,"Gu, R., Xie, C., Hu, X. and Sun, M. (2020). CLCN3 in cancer: Emerging roles and therapeutic potential. Frontiers in Oncology, 10, p.575793."
Gu,2020,"Gu, Z., Wang, L., Yao, X., Long, Q., Lee, K., Li, J., Yue, D., Yang, S., Liu, Y., Li, N. and Li, Y. (2020) . ClC-3/SGK1 regulatory axis enhances the olaparib-induced antitumor effect in human stomach adenocarcinoma. Cell death & disease, 11(10), p.898."
Gum,2003,"Gum, J.R., Hicks, J.W., Crawley, S.C., Dahl, C.M., Yang, S.C., Roberton, A.M. and Kim, Y.S. (2003). Initiation of transcription of the MUC3A human intestinal mucin from a TATA-less promoter and comparison with the MUC3B amino terminus. Journal of Biological Chemistry, 278(49), pp.49600-49609."
Gundry,2010,"Gundry, R.L., White, M.Y., Murray, C.I., Kane, L.A., Fu, Q., Stanley, B.A. and Van Eyk, J.E. (2010). Preparation of proteins and peptides for mass spectrometry analysis in a bottom‐up proteomics workflow. Current protocols in molecular biology, 90(1), pp.10-25."
Guo,2019,"Guo, Y., Shang, X. and Li, Z. (2019). Identification of cancer subtypes by integrating multiple types of transcriptomics data with deep learning in breast cancer. Neurocomputing, 324, pp.20-30."
Gupta,2019,"Gupta, P.B., Pastushenko, I., Skibinski, A., Blanpain, C. and Kuperwasser, C. (2019). Phenotypic plasticity: driver of cancer initiation, progression, and therapy resistance. Cell stem cell, 24(1), pp.65-78."
Hafezi,2021,"Hafezi, S. and Rahmani, M., (2021). Targeting BCL-2 in cancer: advances, challenges, and perspectives. Cancers, 13(6), p.1292."
Hage,2021,"Hage, R. and Vignal-Clermont, C. (2021). Leber hereditary optic neuropathy: review of treatment and management. Frontiers in Neurology, 12, p.651639."
Hajba,2023,"Hajba, L., Jeong, S., Chung, D.S. and Guttman, A. (2023). Capillary Gel Electrophoresis of Proteins: Historical overview and recent advances. TrAC Trends in Analytical Chemistry, p.117024."
Hanahan,2022,"Hanahan, D. (2022). Hallmarks of cancer: new dimensions. Cancer discovery, 12(1), pp.31-46."
Hanahan,2011,"Hanahan, D. and Weinberg, R.A. (2011). Hallmarks of cancer: the next generation. cell, 144(5), pp.646-674."
Hannafon,2019,"Hannafon, B.N., Cai, A., Calloway, C.L., Xu, Y.F., Zhang, R., Fung, K.M. and Ding, W.Q. (2019). miR-23b and miR-27b are oncogenic microRNAs in breast cancer: evidence from a CRISPR/Cas9 deletion study. BMC cancer, 19(1), pp.1-12."
Hantaweepant,2023,"Hantaweepant, C., Suktitipat, B., Pithukpakorn, M., Chinthammitr, Y., Limwongse, C., Tansiri, N., Sawatnatee, S., Takpradit, C., Rotchanapanya, W., Pongudom, S. and Charoenprasert, K. (2023). Whole exome sequencing and rare variant association study to identify genetic modifiers, KLF1 mutations, and a novel double mutation in Thai patients with hemoglobin E/beta-thalassemia. Hematology, 28(1), p.2187155."
Haronikova,2021,"Haronikova, L., Bonczek, O., Zatloukalova, P., Kokas-Zavadil, F., Kucerikova, M., Coates, P.J., Fahraeus, R. and Vojtesek, B. (2021). Resistance mechanisms to inhibitors of p53-MDM2 interactions in cancer therapy: can we overcome them?. Cellular & molecular biology letters, 26, pp.1-33."
Hason,2019,"Hason, M. and Bartůněk, P. (2019). Zebrafish models of cancer—new insights on modeling human cancer in a non-mammalian vertebrate. Genes, 10(11), p.935."
Hassan,2020,"Hassan, M.A., Al-Sakkaf, K., Shait Mohammed, M.R., Dallol, A., Al-Maghrabi, J., Aldahlawi, A., Ashoor, S., Maamra, M., Ragoussis, J., Wu, W. and Khan, M.I. (2020). Integration of transcriptome and metabolome provides unique insights to pathways associated with obese breast cancer patients. Frontiers in oncology, 10, p.804."
Heather,2016,"Heather, J.M. and Chain, B. (2016). The sequence of sequencers: The history of sequencing DNA. Genomics, 107(1), pp.1-8."
Hebert,2020,"Hebert, J.D., Myers, S.A., Naba, A., Abbruzzese, G., Lamar, J.M., Carr, S.A. and Hynes, R.O. (2020). Proteomic Profiling of the ECM of Xenograft Breast Cancer Metastases in Different Organs Reveals Distinct Metastatic NichesECM Proteomics of Breast Cancer Metastases in Diverse Organs. Cancer research, 80(7), pp.1475-1485."
Heijink,2022,"Heijink, A.M., Stok, C., Porubsky, D., Manolika, E.M., de Kanter, J.K., Kok, Y.P., Everts, M., de Boer, H.R., Audrey, A., Bakker, F.J. and Wierenga, E. (2022). Sister chromatid exchanges induced by perturbed replication can form independently of BRCA1, BRCA2 and RAD51. Nature Communications, 13(1), p.6722."
Heizmann,2010,"Heizmann, C.W. and Fritz, G. (2010). The family of S100 cell signaling proteins. Handbook of cell signaling, pp.983-993."
Helleboid,2019,"Helleboid, P.Y., Heusel, M., Duc, J., Piot, C., Thorball, C.W., Coluccio, A., Pontis, J., Imbeault, M., Turelli, P., Aebersold, R. and Trono, D. (2019). The interactome of KRAB zinc finger proteins reveals the evolutionary history of their functional diversification. The EMBO journal, 38(18), p.e101220."
Helmrich,2006,"Helmrich, A., Stout-Weider, K., Hermann, K., Schrock, E. and Heiden, T. (2006). Common fragile sites are conserved features of human and mouse chromosomes and relate to large active genes. Genome research, 16(10), pp.1222-1230."
Henry,2011,"Henry, J., Hsu, C.Y., Haftek, M., Nachat, R., de Koning, H.D., Gardinal-Galera, I., Hitomi, K., Balica, S., Jean-Decoster, C., Schmitt, A.M. and Paul, C. (2011). Hornerin is a component of the epidermal cornified cell envelopes. The FASEB Journal, 25(5), pp.1567-1576."
Hills,2014,"Hills, S.A. and Diffley, J.F. (2014). DNA replication and oncogene-induced replicative stress. Current biology, 24(10), pp.R435-R444."
Hirose,2019,"Hirose, M., Schilf, P., Zarse, K., Busch, H., Fuellen, G., Jöhren, O., Köhling, R., König, I.R., Richer, B., Rupp, J. and Schwaninger, M. (2019). Maternally inherited differences within mitochondrial complex I control murine healthspan. Genes, 10(7), p.532."
Holthaus,2024,"Holthaus, K.B. and Eckhart, L. (2024). Development-associated genes of the epidermal differentiation complex (EDC). Journal of Developmental Biology, 12(1), p.4."
Hong,2015,"Hong, S., Bi, M., Wang, L.E.I., Kang, Z., Ling, L. and Zhao, C. (2015). CLC-3 channels in cancer. Oncology reports, 33(2), pp.507-514."
Howard,2015,"Howard, H.C., Knoppers, B.M., Cornel, M.C., Wright Clayton, E., Sénécal, K. and Borry, P. (2015). Whole-genome sequencing in newborn screening? A statement on the continued importance of targeted approaches in newborn screening programmes. European journal of human genetics, 23(12), pp.1593-1600."
Hrdlickova,2017,"Hrdlickova, R., Toloue, M. and Tian, B. (2017). RNA‐Seq methods for transcriptome analysis. Wiley Interdisciplinary Reviews: RNA, 8(1), p.e1364."
Hu,2020,"Hu, L., Liu, J., Zhang, W., Wang, T., Zhang, N., Lee, Y.H. and Lu, H. (2020). Functional metabolomics decipher biochemical functions and associated mechanisms underlie small‐molecule metabolism. Mass Spectrometry Reviews, 39(5-6), pp.417-433."
Hu,2007,"Hu, Y., Raynard, S., Sehorn, M.G., Lu, X., Bussen, W., Zheng, L., Stark, J.M., Barnes, E.L., Chi, P., Janscak, P. and Jasin, M. (2007). RECQL5/Recql5 helicase regulates homologous recombination and suppresses tumor formation via disruption of Rad51 presynaptic filaments. Genes & development, 21(23), pp.3073-3084."
Huang,2021,"Huang, J., Lok, V., Ngai, C.H., Zhang, L., Yuan, J., Lao, X.Q., Ng, K., Chong, C., Zheng, Z.J. and Wong, M.C. (2021). Worldwide burden of, risk factors for, and trends in pancreatic cancer. Gastroenterology, 160(3), pp.744-754."
Huang,2019,"Huang, M., Chen, Y., Han, D., Lei, Z. and Chu, X. (2019). Role of the zinc finger and SCAN domain-containing transcription factors in cancer. American journal of cancer research, 9(5), p.816."
Huang,2020,"Huang, Z., Yu, P. and Tang, J. (2020). Characterization of triple-negative breast cancer MDA-MB-231 cell spheroid model. OncoTargets and therapy, 13, p.5395."
Huntley,2006,"Huntley, S., Baggott, D.M., Hamilton, A.T., Tran-Gyamfi, M., Yang, S., Kim, J., Gordon, L., Branscomb, E. and Stubbs, L. (2006). A comprehensive catalog of human KRAB-associated zinc finger genes: insights into the evolutionary history of a large family of transcriptional repressors. Genome research, 16(5), pp.669-677."
Iacopetta,2023,"Iacopetta, D., Ceramella, J., Baldino, N., Sinicropi, M.S. and Catalano, A., (2023). Targeting breast cancer: An overlook on current strategies. International Journal of Molecular Sciences, 24(4), p.3643."
Icard,2019,"Icard, P., Fournel, L., Wu, Z., Alifano, M. and Lincet, H. (2019). Interconnection between metabolism and cell cycle in cancer. Trends in biochemical sciences, 44(6), pp.490-501."
Ilari,2008,"Ilari, A. and Savino, C. (2008). Protein structure determination by x-ray crystallography. Bioinformatics: Data, Sequence Analysis and Evolution, pp.63-87."
Imani,2021,"Imani, A., Maleki, N., Bohlouli, S., Kouhsoltani, M., Sharifi, S. and Maleki Dizaj, S. (2021). Molecular mechanisms of anticancer effect of rutin. Phytotherapy Research, 35(5), pp.2500-2513"
Ipoutcha,2019,"Ipoutcha, T., Tsarmpopoulos, I., Talenton, V., Gaspin, C., Moisan, A., Walker, C.A., Brownlie, J., Blanchard, A., Thebault, P. and Sirand-Pugnet, P. (2019). Multiple origins and specific evolution of CRISPR/Cas9 systems in minimal bacteria (Mollicutes). Frontiers in Microbiology, 10, p.2701."
Ishino,2018,"Ishino, Y., Krupovic, M. and Forterre, P. (2018) History of CRISPR-Cas from encounter with a mysterious repeated sequence to genome editing technology. Journal of bacteriology, 200(7), pp.10-1128."
Iuchi,2001,"Iuchi, S., (2001). Three classes of C2H2 zinc finger proteins. Cellular and Molecular Life Sciences CMLS, 58, pp.625-635."
Iyengar,2011,"Iyengar, S., Ivanov, A.V., Jin, V.X., Rauscher III, F.J. and Farnham, P.J. (2011). Functional analysis of KAP1 genomic recruitment. Molecular and cellular biology, 31(9), pp.1833-1847."
Iñiguez-Muñoz,2024,"Iñiguez-Muñoz, S., Llinàs-Arias, P., Ensenyat-Mendez, M., Bedoya-López, A.F., Orozco, J.I., Cortés, J., Roy, A., Forsberg-Nilsson, K., DiNome, M.L. and Marzese, D.M. (2024). Hidden secrets of the cancer genome: unlocking the impact of non-coding mutations in gene regulatory elements. Cellular and Molecular Life Sciences, 81(1), p.274."
Jang,2024,"Jang, M.A. (2024). Genomic technologies for detecting structural variations in hematologic malignancies. Blood research, 59(1), p.1."
Jansen,2002,"Jansen, R., Embden, J.D.V., Gaastra, W. and Schouls, L.M. (2002) Identification of genes that are associated with DNA repeats in prokaryotes. Molecular microbiology, 43(6), pp.1565-1575."
Jhanker,2012,"Jhanker, Y.M., Kadir, M.F. and Hasan, R.I.K.R. (2012). Proteomics in drug discovery. Journal of Applied Pharmaceutical Science, 2(8), pp.01-12."
Ji,2022,"Ji, F., Zhu, X., Liao, H., Ouyang, L., Huang, Y., Syeda, M.Z. and Ying, S. (2022). New era of mapping and understanding common fragile sites: an updated review on origin of chromosome fragility. Frontiers in Genetics, 13, p.906957."
Jiang,2009,"Jiang, Y., Lucas, I., Young, D.J., Davis, E.M., Karrison, T., Rest, J.S. and Le Beau, M.M. (2009). Common fragile sites are characterized by histone hypoacetylation. Human molecular genetics, 18(23), pp.4501-4512."
Jobling,2019,"Jobling, T.W., Plebanski, M. and Stephens, A.N. (2019) Keratin-14 (KRT14) Positive Leader Cells Mediate Mesothelial Clearance and Invasion by Ovarian Cancer Cells."
Jones,2012,"Jones, R.M. and Petermann, E. (2012). Replication fork dynamics and the DNA damage response. Biochemical Journal, 443(1), pp.13-26."
Jung,2021,"Jung, H., Lee, K.S. and Choi, J.K. (2021). Comprehensive characterisation of intronic mis-splicing mutations in human cancers. Oncogene, 40(7), pp.1347-1361."
Kamiloglu,2020,"Kamiloglu, S., Sari, G., Ozdal, T. and Capanoglu, E. (2020). Guidelines for cell viability assays. Food Frontiers, 1(3), pp.332-349."
Kandoth,2013,"Kandoth, C., McLellan, M.D., Vandin, F., Ye, K., Niu, B., Lu, C., Xie, M., Zhang, Q., McMichael, J.F., Wyczalkowski, M.A. and Leiserson, M.D. (2013). Mutational landscape and significance across 12 major cancer types. Nature, 502(7471), pp.333-339."
Kang,1997,"Kang, K.S., Morita, I., Cruz, A., Jeon, Y.J., Trosko, J.E. and Chang, C.C. (1997). Expression of estrogen receptors in a normal human breast epithelial cell type with luminal and stem cell characteristics and its neoplastically transformed cell lines. Carcinogenesis, 18(2), pp.251-257."
Karn,2022,"Karn, V., Sandhya, S., Hsu, W., Parashar, D., Singh, H.N., Jha, N.K., Gupta, S., Dubey, N.K. and Kumar, S. (2022). CRISPR/Cas9 system in breast cancer therapy: advancement, limitations and future scope. Cancer Cell International, 22(1), pp.1-14."
Kashyap,2022,"Kashyap, D., Pal, D., Sharma, R., Garg, V.K., Goel, N., Koundal, D., Zaguia, A., Koundal, S. and Belay, A. (2022). Global increase in breast cancer incidence: risk factors and preventive measures. BioMed research international, 2022."
Kavarthapu,2021,"Kavarthapu, R., Anbazhagan, R. and Dufau, M.L. (2021). Crosstalk between PRLR and EGFR/HER2 signaling pathways in breast cancer. Cancers, 13(18), p.4685."
Kechagioglou,2014,"Kechagioglou, P., Papi, R.M., Provatopoulou, X., Kalogera, E., Papadimitriou, E., Grigoropoulos, P., Nonni, A., Zografos, G., Kyriakidis, D.A. and Gounaris, A. (2014). Tumor suppressor PTEN in breast cancer: heterozygosity, mutations and protein expression. Anticancer research, 34(3), pp.1387-1400."
Kessenbrock,2010,"Kessenbrock, K., Plaks, V. and Werb, Z. (2010). Matrix metalloproteinases: Regulators of the tumor microenvironment. Cell, 141(1), pp.52-67."
Khalef,2024,"Khalef, L., Lydia, R., Filicia, K. and Moussa, B. (2024). Cell viability and cytotoxicity assays: Biochemical elements and cellular compartments. Cell Biochemistry and Function, 42(3), p.e4007"
Khan,2024,"Khan, B., Qahwaji, R., Alfaifi, M.S., Athar, T., Khan, A., Mobashir, M., Ashankyty, I., Imtiyaz, K., Alahmadi, A. and Rizvi, M.M.A. (2024). Deciphering molecular landscape of breast cancer progression and insights from functional genomics and therapeutic explorations followed by in vitro validation. Scientific Reports, 14(1), p.28794."
Kiełbowski,2024,"Kiełbowski, K., Stańska, W., Bakinowska, E., Rusiński, M. and Pawlik, A. (2024). The role of alarmins in the pathogenesis of rheumatoid arthritis, osteoarthritis, and psoriasis. Current Issues in Molecular Biology, 46(4), pp.3640-3675."
Kim,2022,"Kim, H.J., Lee, P.C.W. and Hong, J.H. (2022). Chloride channels and transporters: roles beyond classical cellular homeostatic pH or ion balance in cancers. Cancers, 14(4), p.856."
Kim,2023,"Kim, H.N., Kim, H., Gim, J.A., Baek, Y.S., Kim, A. and Kim, C. (2023). Factors for risk stratification of patients with actinic keratosis using integrated analysis of clinicopathological features and gene expression patterns. Australasian Journal of Dermatology, 64(1), pp.80-91."
Kim,2022,"Kim, J., Parthasarathi, M., & Song, Y. (2022). CLCN3 and drug resistance in breast cancer: A mechanistic insight. Molecular Oncology, 16(5), 782-799."
Kim,2024,"Kim, R., Kim, S., Oh, B.B.L., Yu, W.S., Kim, C.W., Hur, H., Son, S.Y., Yang, M.J., Cho, D.S., Ha, T. and Heo, S. (2024). Clinical application of whole-genome sequencing of solid tumors for precision oncology. Experimental & Molecular Medicine, 56(8), pp.1856-1868."
Kleensang,2016,"Kleensang, A., Vantangoli, M.M., Odwin-DaCosta, S., Andersen, M.E., Boekelheide, K., Bouhifd, M., Fornace Jr, A.J., Li, H.H., Livi, C.B., Madnick, S. and Maertens, A. (2016). Genetic variability in a frozen batch of MCF-7 cells invisible in routine authentication affecting cell function. Scientific reports, 6(1), p.28994."
Kleibl,2016,"Kleibl, Z. and Kristensen, V.N. (2016). Women at high risk of breast cancer: Molecular characteristics, clinical presentation and management. The Breast, 28, pp.136-144."
Kockler,2021,"Kockler, Z.W., Osia, B., Lee, R., Musmaker, K. and Malkova, A. (2021). Repair of DNA breaks by break-induced replication. Annual review of biochemistry, 90, pp.165-191."
Kotsantis,2018,"Kotsantis, P., Petermann, E. and Boulton, S.J. (2018). Mechanisms of oncogene-induced replication stress: jigsaw falling into place. Cancer discovery, 8(5), pp.537-555."
Kotsantis,2016,"Kotsantis, P., Silva, L.M., Irmscher, S., Jones, R.M., Folkes, L., Gromak, N. and Petermann, E. (2016). Increased global transcription activity as a mechanism of replication stress in cancer. Nature communications, 7(1), p.13087."
Kovarik,2021,"Kovarik, P., Bestehorn, A. and Fesselet, J. (2021). Conceptual advances in control of inflammation by the RNA-binding protein tristetraprolin. Frontiers in immunology, 12, p.751313."
Koźmiński,2020,"Koźmiński, P., Halik, P.K., Chesori, R. and Gniazdowska, E. (2020). Overview of dual-acting drug methotrexate in different neurological diseases, autoimmune pathologies and cancers. International journal of molecular sciences, 21(10), p.3483."
Krokan,1981,"Krokan, H., Wist, E. and Krokan, R.H. (1981). Aphidicolin inhibits DNA synthesis by DNA polymerase α and isolated nuclei by a similar mechanism. Nucleic acids research, 9(18), pp.4709-4719."
Kuo,2017,"Kuo, W.Y., Hwu, L., Wu, C.Y., Lee, J.S., Chang, C.W. and Liu, R.S. (2017). STAT3/NF-κB-regulated lentiviral TK/GCV suicide gene therapy for cisplatin-resistant triple-negative breast cancer. Theranostics, 7(3), p.647."
Kweon,2020,"Kweon, J., Jang, A.H., Shin, H.R., See, J.E., Lee, W., Lee, J.W., Chang, S., Kim, K. and Kim, Y., (2020). A CRISPR-based base-editing screen for the functional assessment of BRCA1 variants. Oncogene, 39(1), pp.30-35."
Kypriotou,2012,"Kypriotou, M., Huber, M. and Hohl, D. (2012). The human epidermal differentiation complex: cornified envelope precursors, S100 proteins and the ‘fused genes’ family. Experimental dermatology, 21(9), pp.643-649."
Lai,2014,"Lai, W.S., Perera, L., Hicks, S.N. and Blackshear, P.J. (2014). Mutational and structural analysis of the tandem zinc finger domain of tristetraprolin. Journal of Biological Chemistry, 289(1), pp.565-580."
Laikova,2019,"Laikova, K.V., Oberemok, V.V., Krasnodubets, A.M., Gal’chinsky, N.V., Useinov, R.Z., Novikov, I.A., Temirova, Z.Z., Gorlov, M.V., Shved, N.A., Kumeiko, V.V. and Makalish, T.P. (2019). Advances in the understanding of skin cancer: ultraviolet radiation, mutations, and antisense oligonucleotides as anticancer drugs. Molecules, 24(8), p.1516."
Lang,2005,"Lang, F., Föller, M., Lang, K.S., Lang, P.A., Ritter, M., Gulbins, E., Vereninov, A. and Huber, S.M. (2005). Ion channels in cell proliferation and apoptotic cell death. The Journal of membrane biology, 205, pp.147-157."
Le,1998,"Le Beau, M.M., Rassool, F.V., Neilly, M.E., Espinosa III, R., Glover, T.W., Smith, D.I. and McKeithan, T.W. (1998). Replication of a common fragile site, FRA3B, occurs late in S phase and is delayed further upon induction: implications for the mechanism of fragile site induction. Human molecular genetics, 7(4), pp.755-761."
Lee,2021,"Lee, H., Lee, S., Baek, G., Kim, A., Kang, B.C., Seo, H. and Kim, J.S. (2021). Mitochondrial DNA editing in mice with DddA-TALE fusion deaminases. Nature communications, 12(1), p.1190."
Lee,2016,"Lee, J.K., Choi, Y.L., Kwon, M. and Park, P.J. (2016). Mechanisms and consequences of cancer genome instability: lessons from genome sequencing studies. Annual Review of Pathology: Mechanisms of Disease, 11, pp.283-312."
Lehen'Kyi,2011,"Lehen'Kyi, V.Y., Shapovalov, G., Skryma, R. and Prevarskaya, N. (2011). Ion channnels and transporters in cancer. 5. Ion channels in control of cancer and cell apoptosis. American Journal of Physiology-Cell Physiology, 301(6), pp.C1281-C1289."
Lehen’Kyi,2011,"Lehen’Kyi, V. and Shlyonsky, V. (2011). Chloride channels in mitochondria and their implications in cancer. Cell Calcium, 50(2), pp.167-177."
Lei,2020,"Lei, Z., Klasson, T.D., Brandt, M.M., van de Hoek, G., Logister, I., Cheng, C., Doevendans, P.A., Sluijter, J.P. and Giles, R.H. (2020). Control of angiogenesis via a VHL/miR-212/132 axis. Cells, 9(4), p.1017."
Leonard,2013,"Leonard, A.C. and Méchali, M. (2013). DNA replication origins. Cold Spring Harbor perspectives in biology, 5(10), p.a010116."
Letertre,2020,"Letertre, M.P., Dervilly, G. and Giraudeau, P. (2020). Combined nuclear magnetic resonance spectroscopy and mass spectrometry approaches for metabolomics. Analytical Chemistry, 93(1), pp.500-518."
Levine,2018,"Levine, M.S. and Holland, A.J. (2018). The impact of mitotic errors on cell proliferation and tumorigenesis. Genes & development, 32(9-10), pp.620-638."
Li,2025,"Li, G., Wu, N., Ghabrial, J., Stinnett, V., Klausner, M., Morsberger, L., Long, P., Baraban, E., Gross, J.M. and Zou, Y.S. (2025). Chromoanagenesis in osteosarcoma. Biomolecules, 15(6), p.833."
Li,2020,"Li, J., Cao, F. and Yin, H.L. (2020). Ferroptosis: Past, present, and future. Cell Death & Disease, 11(2), p.88."
Li,2018,"Li, L., Xing, R., Cui, J., Li, W. and Lu, Y. (2018). Investigation of frequent somatic mutations of MTND5 gene in gastric cancer cell lines and tissues. Mitochondrial DNA Part B, 3(2), pp.1002-1008."
Li,2019,"Li, N.A., Deng, Y., Zhou, L., Tian, T., Yang, S., Wu, Y., Zheng, Y., Zhai, Z., Hao, Q., Song, D. and Zhang, D. (2019). Global burden of breast cancer and attributable risk factors in 195 countries and territories, from 1990 to 2017: results from the Global Burden of Disease Study 2017. Journal of hematology & oncology, 12(1), pp.1-12."
Li,2020,"Li, S. and Wu, X. (2020). Common fragile sites: protection and repair. Cell & bioscience, 10(1), p.29."
Li,2022,"Li, X., Han, M., Zhang, H., Liu, F., Pan, Y., Zhu, J., Liao, Z., Chen, X. and Zhang, B. (2022). Structures and biological functions of zinc finger proteins and their roles in hepatocellular carcinoma. Biomarker research, 10, pp.1-13."
Lin,2021,"Lin, L., Li, Z., Yan, L., Liu, Y., Yang, H. and Li, H. (2021). Global, regional, and national cancer incidence and death for 29 cancer groups in 2019 and trends analysis of the global cancer burden, 1990–2019. Journal of hematology & oncology, 14, pp.1-24."
Lin,2023,"Lin, X., Dong, Y., Gu, Y., Kapoor, A., Peng, J., Su, Y., Wei, F., Wang, Y., Yang, C., Gill, A. and Neira, S.V. (2023). Taxifolin inhibits breast cancer growth by facilitating cd8+ t cell infiltration and inducing a novel set of genes including potential tumor suppressor genes in 1q21. 3. Cancers, 15(12), p.3203."
Lin,2020,"Lin, Y., Zhang, W., Cao, H., Li, G. and Du, W. (2020). Classifying breast cancer subtypes using deep neural networks based on multi-omics data. Genes, 11(8), p.888."
Lincoln,2015,"Lincoln, S.E., Kobayashi, Y., Anderson, M.J., Yang, S., Desmond, A.J., Mills, M.A., Nilsen, G.B., Jacobs, K.B., Monzon, F.A., Kurian, A.W. and Ford, J.M. (2015). A systematic comparison of traditional and multigene panel testing for hereditary breast and ovarian cancer genes in more than 1000 patients. The Journal of Molecular Diagnostics, 17(5), pp.533-544."
Lipsa,2019,"Lipsa, A., Kowtal, P. and Sarin, R. (2019). Novel germline STK11 variants and breast cancer phenotype identified in an Indian cohort of Peutz–Jeghers syndrome. Human molecular genetics, 28(11), pp.1885-1893."
Liu,2013,"Liu, H., Wang, L., Wang, X., Cao, Z., Yang, Q. and Zhang, K. (2013). S100A7 enhances invasion of human breast cancer MDA-MB-468 cells through activation of nuclear factor-κB signaling. World Journal of Surgical Oncology, 11, pp.1-8."
Liu,2024,"Liu, J. and Zhang, H. (2024). Zinc Finger and BTB Domain-Containing 20: A Newly Emerging Player in Pathogenesis and Development of Human Cancers. Biomolecules, 14(2), p.192."
Liu,2013,"Liu, J., Zhang, D., Li, Y., Chen, W., Ruan, Z., Deng, L., Wang, L., Tian, H., Yiu, A., Fan, C. and Luo, H. (2013). Discovery of bufadienolides as a novel class of ClC-3 chloride channel activators with antitumor activities. Journal of medicinal chemistry, 56(14), pp.5734-5743."
Liu,2023,"Liu, S., Liu, X., Lin, X. and Chen, H. (2023). Zinc finger proteins in the war on gastric cancer: Molecular mechanism and clinical potential. Cells, 12(9), p.1314."
Liu,2021,"Liu, X., Qiu, R., Xu, M., Meng, M., Zhao, S., Ji, J. and Yang, Y. (2021). KMT2C is a potential biomarker of prognosis and chemotherapy sensitivity in breast cancer. Breast Cancer Research and Treatment, 189, pp.347-361."
Lloyd,1996,"Lloyd, S.E., Pearce, S.H. and Fisher, S.E. (1996). A common molecular basis for three inherited kidney stone diseases. Nature, 379(6564), pp.445-449."
Lokanga,2021,"Lokanga, R.A., Kumari, D. and Usdin, K. (2021). Common threads: aphidicolin-inducible and folate-sensitive fragile sites in the human genome. Frontiers in Genetics, 12, p.708860."
Lorenz,2015,"Lorenz, S., Barøy, T., Sun, J., Nome, T., Vodák, D., Bryne, J.C., Håkelien, A.M., Fernandez-Cuesta, L., Möhlendick, B., Rieder, H. and Szuhai, K. (2015). Unscrambling the genomic chaos of osteosarcoma reveals extensive transcript fusion, recurrent rearrangements and frequent novel TP53 aberrations. Oncotarget, 7(5), p.5273."
Lowe,2017,"Lowe, R., Shirley, N., Bleackley, M., Dolan, S. and Shafee, T. (2017). Transcriptomics technologies. PLoS computational biology, 13(5), p.e1005457."
Lu,2016,"Lu, J., Chen, J., Xu, N., Wu, J., Kang, Y., Shen, T., Kong, H., Ma, C., Cheng, M., Shao, Z. and Xu, L. (2016). Activation of AIFM2 enhances apoptosis of human lung cancer cells undergoing toxicological stress. Toxicology letters, 258, pp.227-236."
Lu,2023,"Lu, J., Fu, L.M., Cao, Y., Fang, Y., Cao, J.Z., Pan, Y.H., Cen, J.J., Liang, Y.P., Chen, Z.H., Wei, J.H. and Huang, Y. (2023). LZTFL1 inhibits kidney tumor cell growth by destabilizing AKT through ZNRF1-mediated ubiquitin proteosome pathway. Oncogene, 42(19), pp.1543-1557."
Lu,2021,"Lu, T., Peng, H., Zhong, L., Wu, P., He, J., Deng, Z. and Huang, Y., (2021). The tree shrew as a model for cancer research. Frontiers in Oncology, 11, p.653236."
Lubamba,2012,"Lubamba, B., Dhooghe, B., Noel, S. and Leal, T. (2012). Cystic fibrosis: Insight into CFTR pathophysiology and pharmacotherapy. Clinical Biochemistry, 45(15), pp.1132-1144."
Lundberg,2019,"Lundberg, E. and Borner, G.H. (2019). Spatial proteomics: a powerful discovery tool for cell biology. Nature Reviews Molecular Cell Biology, 20(5), pp.285-302."
Luo,2016,"Luo, S., Chen, J. and Mo, X. (2016). The association of PTEN hypermethylation and breast cancer: a meta-analysis. OncoTargets and therapy, pp.5643-5650."
Luscombe,2001,"Luscombe, N.M., Laskowski, R.A. and Thornton, J.M. (2001). Amino acid–base interactions: a three-dimensional analysis of protein–DNA interactions at an atomic level. Nucleic acids research, 29(13), pp.2860-2874."
Lyu,2022,"Lyu, X., Zhang, Q., Fares, H.M., Wang, Y., Han, Y. and Sun, L. (2022). Contribution of adipocytes in the tumor microenvironment to breast cancer metabolism. Cancer Letters, 534, p.215616."
Lüönd,2021,"Lüönd, F., Tiede, S. and Christofori, G. (2021). Breast cancer as an example of tumour heterogeneity and tumour cell plasticity during malignant progression. British journal of cancer, 125(2), pp.164-175."
Macheret,2015,"Macheret, M. and Halazonetis, T.D. (2015). DNA replication stress as a hallmark of cancer. Annual Review of Pathology: Mechanisms of Disease, 10(1), pp.425-448."
Macheret,2020,"Macheret, M., Bhowmick, R., Sobkowiak, K., Padayachy, L., Mailler, J., Hickson, I.D. and Halazonetis, T.D. (2020). High-resolution mapping of mitotic DNA synthesis regions and common fragile sites in the human genome through direct sequencing. Cell research, 30(11), pp.997-1008."
Maciejewski,2017,"Maciejewski, A., Prado, V.F., Prado, M.A. and Choy, W.Y. (2017). Molecular basis for the interaction between stress-inducible phosphoprotein 1 (STIP1) and S100A1. Biochemical Journal, 474(11), pp.1853-1866."
Mackay,2022,"Mackay, D.J. and Temple, I.K. (2022). Ongoing challenges in the diagnosis of 11p15. 5-Associated Imprinting disorders. Molecular Diagnosis & Therapy, 26(3), pp.263-272."
MacMullan,2019,"MacMullan, M.A., Dunn, Z.S., Graham, N.A., Yang, L. and Wang, P. (2019). Quantitative proteomics and metabolomics reveal biomarkers of disease as potential immunotherapy targets and indicators of therapeutic efficacy. Theranostics, 9(25), p.7872."
Maffia,2020,"Maffia, A., Ranise, C. and Sabbioneda, S. (2020) From R-loops to G-quadruplexes: emerging new threats for the replication fork. International journal of molecular sciences, 21(4), p.1506."
Magdalou,2014,"Magdalou, I., Lopez, B.S., Pasero, P. and Lambert, S.A. (2014), June. The causes of replication stress and their consequences on genome stability and cell fate. In Seminars in cell & developmental biology (Vol. 30, pp. 154-164). Academic Press."
Mahdavi,2019,"Mahdavi, M., Nassiri, M., Kooshyar, M.M., Vakili‐Azghandi, M., Avan, A., Sandry, R., Pillai, S., Lam, A.K.Y. and Gopalan, V. (2019). Hereditary breast cancer; Genetic penetrance and current status with BRCA. Journal of cellular physiology, 234(5), pp.5741-5750."
Majidi,2021,"Majidi, M., Safaee, S., Amini, M., Baghbanzadeh, A., Hajiasgharzadeh, K., Hashemzadeh, S., Sandoghchian Shotorbani, S., Mokhtarzadeh, A. and Baradaran, B. (2021). The effects of chemotherapeutic drugs on PD-L1 gene expression in breast cancer cell lines. Medical Oncology, 38, pp.1-8."
Majumder,2021,"Majumder, E.L.W., Billings, E.M., Benton, H.P., Martin, R.L., Palermo, A., Guijas, C., Rinschen, M.M., Domingo-Almenara, X., Montenegro-Burke, J.R., Tagtow, B.A. and Plumb, R.S. (2021). Cognitive analysis of metabolomics data for systems biology. Nature Protocols, 16(3), pp.1376-1418."
Makino,2001,"Makino, T., Takaishi, M., Morohashi, M. and Huh, N.H. (2001). Hornerin, a novel profilaggrin-like protein and differentiation-specific marker isolated from mouse skin. Journal of biological chemistry, 276(50), pp.47445-47452."
Makita,2021,"Makita, S., Takatori, H. and Nakajima, H. (2021). Post-transcriptional regulation of immune responses and inflammatory diseases by RNA-binding ZFP36 family proteins. Frontiers in immunology, 12, p.711633."
Mann,2008,"Mann, M. and Kelleher, N.L. (2008). Precision proteomics: the case for high resolution and high mass accuracy. Proceedings of the National Academy of Sciences, 105(47), pp.18132-18138."
Mann,2005,"Mann, M.B., Hodges, C.A., Barnes, E., Vogel, H., Hassold, T.J. and Luo, G. (2005). Defective sister-chromatid cohesion, aneuploidy and cancer predisposition in a mouse model of type II Rothmund–Thomson syndrome. Human molecular genetics, 14(6), pp.813-825."
Mardis,2018,"Mardis, E.R. (2018). Insights from large-scale cancer genome sequencing. Annual Review of Cancer Biology, 2, pp.429-444."
Marguerat,2010,"Marguerat, S. and Bähler, J. (2010). RNA-seq: from technology to biology. Cellular and molecular life sciences, 67, pp.569-579."
Marshall,2019,"Marshall, A.E., Roes, M.V., Passos, D.T., DeWeerd, M.C., Chaikovsky, A.C., Sage, J., Howlett, C.J. and Dick, F.A. (2019). RB1 deletion in retinoblastoma protein pathway-disrupted cells results in DNA damage and cancer progression. Molecular and Cellular Biology, 39(16), pp.e00105-19."
Martelotto,2014,"Martelotto, L.G., Ng, C.K., Piscuoglio, S., Weigelt, B. and Reis-Filho, J.S. (2014). Breast cancer intra-tumor heterogeneity. Breast Cancer Research, 16, pp.1-11."
Marvalim,2023,"Marvalim, C., Datta, A. and Lee, S.C. (2023). Role of p53 in breast cancer progression: An insight into p53 targeted therapy. Theranostics, 13(4), p.1421."
McArdle,2021,"McArdle, A.J. and Menikou, S. (2021). What is proteomics?. Archives of Disease in Childhood-Education and Practice, 106(3), pp.178-181."
McCart,2019,"McCart Reed, A.E., Kalita‐De Croft, P., Kutasovic, J.R., Saunus, J.M. and Lakhani, S.R. (2019). Recent advances in breast cancer research impacting clinical diagnostic practice. The Journal of pathology, 247(5), pp.552-562."
McKiernan,2011,"McKiernan, E., McDermott, E.W., Evoy, D., Crown, J. and Duffy, M.J. (2011). The role of S100 genes in breast cancer progression. Tumor Biology, 32, pp.441-450."
Melchor,2013,"Melchor, L. and Benítez, J. (2013). The complex genetic landscape of familial breast cancer. Human genetics, 132, pp.845-863."
Micallef,2020,"Micallef, I. and Baron, B. (2020). Doxorubicin: An overview of the anti-cancer and chemoresistance mechanisms."
Milenkovic,2018,"Milenkovic, V.M., Bergen, A.A. and Begemann, I. (2018). Bestrophins and cancer: Emerging roles of bestrophin-1 in tumorigenesis. Cancer Letters, 432, pp.36-48."
Mirabello,2009,"Mirabello, L., Troisi, R.J. and Savage, S.A. (2009). International osteosarcoma incidence patterns in children and adolescents, middle ages and elderly persons. International journal of cancer, 125(1), pp.229-234."
Mirzaei,2021,"Mirzaei, S., Zarrabi, A., Hashemi, F., Zabolian, A., Saleki, H., Ranjbar, A., Saleh, S.H.S., Bagherian, M., omid Sharifzadeh, S., Hushmandi, K. and Liskova, A. (2021). Regulation of Nuclear Factor-KappaB (NF-κB) signaling pathway by non-coding RNAs in cancer: Inhibiting or promoting carcinogenesis?. Cancer Letters, 509, pp.63-80."
Mojica,2013,"Mojica, F.J. and Garrett, R.A. (2013). Discovery and seminal developments in the CRISPR field. CRISPR-Cas systems: RNA-mediated adaptive immunity in bacteria and archaea, pp.1-31."
Moraes,2016,"Moraes, F. and Góes, A. (2016). A decade of human genome project conclusion: Scientific diffusion about our genome knowledge. Biochemistry and Molecular Biology Education, 44(3), pp.215-223."
Mukherjee,2014,"Mukherjee, N., Jacobs, N.C., Hafner, M., Kennington, E.A., Nusbaum, J.D., Tuschl, T., Blackshear, P.J. and Ohler, U. (2014). Global target mRNA specification and regulation by the RNA-binding protein ZFP36. Genome biology, 15, pp.1-16."
Muley,2020,"Muley, H., Fado, R., Rodriguez-Rodriguez, R. and Casals, N. (2020). Drug uptake-based chemoresistance in breast cancer treatment. Biochemical pharmacology, 177, p.113959."
Murayama,2019,"Murayama, T. and Gotoh, N. (2019). Patient-derived xenograft models of breast cancer and their application. Cells, 8(6), p.621."
Nascimento,2021,"Nascimento, C. and Ferreira, F. (2021). Tumor microenvironment of human breast cancer, and feline mammary carcinoma as a potential study model. Biochimica et Biophysica Acta (BBA)-Reviews on Cancer, 1876(1), p.188587."
Nasir,2012,"Nasir, A., Norton, J.D., Baou, M., Zekavati, A., Bijlmakers, M.J., Thompson, S. and Murphy, J.J. (2012). ZFP36L1 negatively regulates plasmacytoid differentiation of BCL1 cells by targeting BLIMP1 mRNA. PLoS One, 7(12), p.e52187."
Nedeljković,2019,"Nedeljković, M. and Damjanović, A. (2019). Mechanisms of chemotherapy resistance in triple-negative breast cancer—how we can rise to the challenge. Cells, 8(9), p.957."
Neve,2006,"Neve, R.M., Chin, K., Fridlyand, J., Yeh, J., Baehner, F.L., Fevr, T., Clark, L., Bayani, N., Coppe, J.P., Tong, F. and Speed, T. (2006). A collection of breast cancer cell lines for the study of functionally distinct cancer subtypes. Cancer cell, 10(6), pp.515-527."
Newman,2017,"Newman, R., Ahlfors, H., Saveliev, A., Galloway, A., Hodson, D.J., Williams, R., Besra, G.S., Cook, C.N., Cunningham, A.F., Bell, S.E. and Turner, M. (2017). Maintenance of the marginal-zone B cell compartment specifically requires the RNA-binding protein ZFP36L1. Nature immunology, 18(6), pp.683-693."
Ng,2018,"Ng, Y.S., Lax, N.Z., Maddison, P., Alston, C.L., Blakely, E.L., Hepplewhite, P.D., Riordan, G., Meldau, S., Chinnery, P.F., Pierre, G. and Chronopoulou, E. (2018). MT-ND5 mutation exhibits highly variable neurological manifestations at low mutant load. EBioMedicine, 30, pp.86-93."
Nik-Zainal,2016,"Nik-Zainal, S., Davies, H., Staaf, J., Ramakrishna, M., Glodzik, D., Zou, X., Martincorena, I., Alexandrov, L.B., Martin, S., Wedge, D.C. and Van Loo, P. (2016). Landscape of somatic mutations in 560 breast cancer whole-genome sequences. Nature, 534(7605), pp.47-54."
Niklas,2015,"Niklas, K.J., Bondos, S.E., Dunker, A.K. and Newman, S.A. (2015). Rethinking gene regulatory networks in light of alternative splicing, intrinsically disordered protein domains, and post-translational modifications. Frontiers in cell and developmental biology, 3, p.8."
Nowell,1976,"Nowell, P.C. (1976). The Clonal Evolution of Tumor Cell Populations: Acquired genetic lability permits stepwise selection of variant sublines and underlies tumor progression. Science, 194(4260), pp.23-28."
Nugoli,2003,"Nugoli, M., Chuchana, P., Vendrell, J., Orsetti, B., Ursule, L., Nguyen, C., Birnbaum, D., Douzery, E.J., Cohen, P. and Theillet, C. (2003). Genetic variability in MCF-7 sublines: evidence of rapid genomic and RNA expression profile modifications. BMC cancer, 3, pp.1-12."
Nurchis,2024,"Nurchis, M.C., Radio, F.C., Salmasi, L., Alizadeh, A.H., Raspolini, G.M., Altamura, G., Tartaglia, M., Dallapiccola, B., Pizzo, E., Gianino, M.M. and Damiani, G. (2024). Cost-effectiveness of whole-genome vs whole-exome sequencing among children with suspected genetic disorders. JAMA network open, 7(1), pp.e2353514-e2353514."
Nurk,2022,"Nurk, S., Koren, S., Rhie, A., Rautiainen, M., Bzikadze, A.V., Mikheenko, A., Vollger, M.R., Altemose, N., Uralsky, L., Gershman, A. and Aganezov, S. (2022). The complete sequence of a human genome. Science, 376(6588), pp.44-53."
Obeagu,2024,"Obeagu, E.I. and Obeagu, G.U. (2024). Breast cancer: A review of risk factors and diagnosis. Medicine, 103(3), p.e36905."
Ong,2011,"Ong, C.T. and Corces, V.G. (2011). Enhancer function: new insights into the regulation of tissue-specific gene expression. Nature Reviews Genetics, 12(4), pp.283-293."
Otsuka,2019,"Otsuka, H., Fukao, A., Funakami, Y., Duncan, K.E. and Fujiwara, T. (2019). Emerging evidence of translational control by AU-rich element-binding proteins. Frontiers in genetics, 10, p.332."
Otsuka,2020,"Otsuka, H., Fukao, A., Tomohiro, T., Adachi, S., Suzuki, T., Takahashi, A., Funakami, Y., Natsume, T., Yamamoto, T., Duncan, K.E. and Fujiwara, T. (2020). ARE-binding protein ZFP36L1 interacts with CNOT1 to directly repress translation via a deadenylation-independent mechanism. Biochimie, 174, pp.49-56."
Ottaviani,2009,"Ottaviani, G. and Jaffe, N. (2009). The epidemiology of osteosarcoma. Pediatric and adolescent osteosarcoma, pp.3-13."
Oudelaar,2021,"Oudelaar, A.M. and Higgs, D.R. (2021). The relationship between genome structure and function. Nature Reviews Genetics, 22(3), pp.154-168."
Ovejero,2021,"Ovejero, S., Soulet, C. and Moriel-Carretero, M. (2021). The alkylating agent methyl methanesulfonate triggers lipid alterations at the inner nuclear membrane that are independent from its DNA-damaging ability. International Journal of Molecular Sciences, 22(14), p.7461."
Ozeri-Galai,2014,"Ozeri-Galai, E., Tur-Sinai, M., Bester, A.C. and Kerem, B. (2014). Interplay between genetic and epigenetic factors governs common fragile site instability in cancer. Cellular and Molecular Life Sciences, 71, pp.4495-4506."
Pagni,2022,"Pagni, S., Mills, J.D., Frankish, A., Mudge, J.M. and Sisodiya, S.M. (2022). Non‐coding regulatory elements: Potential roles in disease and the case of epilepsy. Neuropathology and Applied Neurobiology, 48(3), p.e12775."
Palumbo,2019,"Palumbo, E. and Russo, A. (2019). Common fragile site instability in normal cells: Lessons and perspectives. Genes, Chromosomes and Cancer, 58(5), pp.260-269."
Papasavva,2019,"Papasavva, P., Kleanthous, M. and Lederer, C.W. (2019) Rare opportunities: CRISPR/Cas-based therapy development for rare genetic diseases. Molecular diagnosis & therapy, 23(2), p.201."
Parakatselaki,2021,"Parakatselaki, M.E. and Ladoukakis, E.D. (2021). mtDNA heteroplasmy: origin, detection, significance, and evolutionary consequences. Life, 11(7), p.633."
Pareek,2011,"Pareek, C.S., Smoczynski, R. and Tretyn, A. (2011). Sequencing technologies and genome sequencing. Journal of applied genetics, 52(4), pp.413-435."
Park,2009,"Park, S.A., Na, H.K., Kim, E.H., Cha, Y.N. and Surh, Y.J. (2009). 4-Hydroxyestradiol induces anchorage-independent growth of human mammary epithelial cells via activation of IκB kinase: Potential role of reactive oxygen species. Cancer research, 69(6), pp.2416-2424."
Parthasarathi,2022,"Parthasarathi, K.S., Mandal, S., Singh, S., Gundimeda, S., Jolly, M.K., Pandey, A. and Sharma, J. (2022). In silico analysis of ion channels and their correlation with epithelial to mesenchymal transition in breast cancer. Cancers, 14(6), p.1444."
Parthasarathi,2022,"Parthasarathi, M., Wilczyński, B., & Gupta, S. (2022). EMT and ion channel involvement in breast cancer metastasis. BMC Cancer, 22(1), 453."
Passos,2022,"Passos, G.A. ed. (2022). Transcriptomics in Health and Disease. Springer."
Patra,2022,"Patra, P., Disha, B.R., Kundu, P., Das, M. and Ghosh, A. (2022). Recent advances in machine learning applications in metabolic engineering. Biotechnology Advances, p.108069."
Paul,2014,"Paul, A. and Paul, S. (2014). The breast cancer susceptibility genes (BRCA) in breast and ovarian cancers. Frontiers in bioscience (Landmark edition), 19, p.605."
Pecorino,2021,"Pecorino, L. (2021). Molecular biology of cancer: mechanisms, targets, and therapeutics. Oxford university press."
Pedersen,2019,"Pedersen, S.F. and Hoffmann, E.K. (2019). Cell volume regulation and cancer. American Journal of Physiology-Cell Physiology, 316(5), pp.C635-C652."
Pelham,2020,"Pelham, C.J., Nagane, M. and Madan, E. (2020). June. Cell competition in tumor evolution and heterogeneity: merging past and present. In Seminars in Cancer Biology (Vol. 63, pp. 11-18). Academic Press."
Peng,2017,"Peng, Y., Yuan, J., Zhang, Z. and Chang, X. (2017). Cytoplasmic poly (A)-binding protein 1 (PABPC1) interacts with the RNA-binding protein hnRNPLL and thereby regulates immunoglobulin secretion in plasma cells. Journal of Biological Chemistry, 292(29), pp.12285-12295."
Pfeifer,2024,"Pfeifer, G.P. and Jin, S.G. (2024). Methods and applications of genome-wide profiling of DNA damage and rare mutations. Nature Reviews Genetics, 25(12), pp.846-863."
Pignataro,2017,"Pignataro, D., Francia, S., Zanetta, F., Brenna, G., Brandini, S., Olivieri, A., Torroni, A., Biamonti, G. and Montecucco, A. (2017). A missense MT-ND5 mutation in differentiated Parkinson Disease cytoplasmic hybrid induces ROS-dependent DNA Damage Response amplified by DROSHA. Scientific reports, 7(1), p.9528."
Pilet,2023,"Pilet, J., Hirsch, T.Z., Gupta, B., Roehrig, A., Morcrette, G., Pire, A., Letouzé, E., Fresneau, B., Taque, S., Brugières, L. and Branchereau, S. (2023). Preneoplastic liver colonization by 11p15. 5 altered mosaic cells in young children with hepatoblastoma. Nature Communications, 14(1), p.7122."
Pinto,2020,"Pinto, B., Henriques, A.C., Silva, P.M. and Bousbaa, H. (2020). Three-dimensional spheroids as in vitro preclinical models for cancer research. Pharmaceutics, 12(12), p.1186."
Pinu,2019,"Pinu, F.R., Beale, D.J., Paten, A.M., Kouremenos, K., Swarup, S., Schirra, H.J. and Wishart, D. (2019). Systems biology and multi-omics integration: viewpoints from the metabolomics research community. Metabolites, 9(4), p.76."
Pittayapruek,2016,"Pittayapruek, P., Meephansan, J. and Prapapan, O. (2016). Role of matrix metalloproteinases in photoaging and skin cancers. International Journal of Molecular Sciences, 17(6), p.868."
Ponten,1967,"Ponten, J. and Saksela, E. (1967). Two established in vitro cell lines from human mesenchymal tumours. International journal of cancer, 2(5), pp.434-447."
Pourcel,2005,"Pourcel, C., Salvignol, G. and Vergnaud, G. (2005). CRISPR elements in Yersinia pestis acquire new repeats by preferential uptake of bacteriophage DNA, and provide additional tools for evolutionary studies. Microbiology, 151(3), pp.653-663."
Prindull,2004,"Prindull, G. and Zipori, D. (2004). Environmental guidance of normal and tumor cell plasticity: epithelial mesenchymal transitions as a paradigm. Blood, 103(8), pp.2892-2899."
Pruitt,2007,"Pruitt, S.C., Bailey, K.J. and Freeland, A. (2007). Reduced Mcm2 expression results in severe stem/progenitor cell deficiency and cancer. Stem cells, 25(12), pp.3121-3132."
Péqueux,2012,"Péqueux, C., Raymond-Letron, I., Blacher, S., Boudou, F., Adlanmerini, M., Fouque, M.J., Rochaix, P., Noël, A., Foidart, J.M., Krust, A. and Chambon, P. (2012). Stromal Estrogen Receptor-α Promotes Tumor Growth by Normalizing an Increased AngiogenesisStromal ERα Normalized Angiogenesis in ER-Negative Tumor. Cancer research, 72(12), pp.3010-3019."
Rabanal-Ruiz,2017,"Rabanal-Ruiz, Y., Otten, E.G. and Korolchuk, V.I. (2017). mTORC1 as the main gateway to autophagy. Essays in biochemistry, 61(6), pp.565-584."
Rajaei,2021,"Rajaei, Moein, Ayush Shekhar Saxena, Lindsay M. Johnson, Michael C. Snyder, Timothy A. Crombie, Robyn E. Tanny, Erik C. Andersen, Joanna Joyner-Matos, and Charles F. Baer. ""Mutability of mononucleotide repeats, not oxidative stress, explains the discrepancy between laboratory-accumulated mutations and the natural allele-frequency spectrum in C. elegans."" Genome research 31, no. 9 (2021): 1602-1613."
Rajagopal,2003,"Rajagopal, A. and Simon, S.M. (2003). Subcellular localization and activity of multidrug resistance proteins. Molecular biology of the cell, 14(8), pp.3389-3399."
Rampler,2020,"Rampler, E., Abiead, Y.E., Schoeny, H., Rusz, M., Hildebrand, F., Fitz, V. and Koellensperger, G. (2020). Recurrent topics in mass spectrometry-based metabolomics and lipidomics—standardization, coverage, and throughput. Analytical Chemistry, 93(1), pp.519-545."
Rehm,2020,"Rehm, J., Shield, K.D. and Weiderpass, E. (2020). Alcohol consumption. A leading risk factor for cancer. Chemico-Biological Interactions, 331, p.109280."
Ren,2024,"Ren, L., Li, Y., Feng, Y., Zhang, Z., Yang, H. and Li, M. (2024). CLCN3 in mediating the proliferation of human ovarian cancer cells. Translational Cancer Research, 13(3), p.1443."
Rice,2018,"Rice, R.H., Durbin‐Johnson, B.P., Mann, S.M., Salemi, M., Urayama, S., Rocke, D.M., Phinney, B.S. and Sundberg, J.P. (2018). Corneocyte proteomics: Applications to skin biology and dermatology. Experimental dermatology, 27(8), pp.931-938."
Riggio,2021,"Riggio, A.I., Varley, K.E. and Welm, A.L. (2021). The lingering mysteries of metastatic recurrence in breast cancer. British journal of cancer, 124(1), pp.13-26."
Rinschen,2019,"Rinschen, M.M., Ivanisevic, J., Giera, M. and Siuzdak, G. (2019). Identification of bioactive metabolites using activity metabolomics. Nature reviews Molecular cell biology, 20(6), pp.353-367."
Risha,2020,"Risha, Y., Minic, Z., Ghobadloo, S.M. and Berezovski, M.V. (2020). The proteomic analysis of breast cell line exosomes reveals disease patterns and potential biomarkers. Scientific reports, 10(1), p.13572."
Rong,2021,"Rong, G., Yi, Z., Ma, F., Guan, Y., Xu, Y., Li, L. and Xu, B. (2021). DNA damage response as a prognostic indicator in metastatic breast cancer via mutational analysis. Annals of Translational Medicine, 9(3), p.220"
Ross,2012,"Ross, C.R., Brennan-Laun, S.E. and Wilson, G.M. (2012). Tristetraprolin: roles in cancer and senescence. Ageing research reviews, 11(4), pp.473-484."
Rosspopoff,2023,"Rosspopoff, O. and Trono, D. (2023). Take a walk on the KRAB side. Trends in Genetics, 39(11), pp.844-857."
Rounbehler,2012,"Rounbehler, R.J., Fallahi, M., Yang, C., Steeves, M.A., Li, W., Doherty, J.R., Schaub, F.X., Sanduja, S., Dixon, D.A., Blackshear, P.J. and Cleveland, J.L. (2012). Tristetraprolin impairs myc-induced lymphoma and abolishes the malignant state. Cell, 150(3), pp.563-574."
Ruiz de Sabando,2019,"Ruiz de Sabando, A., Urrutia Lafuente, E., García-Amigot, F., Alonso Sánchez, A., Morales Garofalo, L., Moreno, S., Ardanaz, E. and Ramos-Arroyo, M.A. (2019). Genetic and clinical characterization of BRCA-associated hereditary breast and ovarian cancer in Navarra (Spain). BMC cancer, 19, pp.1-11."
Rusli,2022,"Rusli, H., Putri, R.M. and Alni, A. (2022). Recent developments of liquid chromatography stationary phases for compound separation: from proteins to small organic compounds. Molecules, 27(3), p.907."
Saatci,2021,"Saatci, O., Huynh-Dam, K.T. and Sahin, O. (2021). Endocrine resistance in breast cancer: from molecular mechanisms to therapeutic strategies. Journal of Molecular Medicine, 99(12), pp.1691-1710."
Saini,2020,"Saini, Y., Chen, J. and Patial, S. (2020). The tristetraprolin family of RNA-binding proteins in cancer: progress and future prospects. Cancers, 12(6), p.1539."
Saleem,2006,"Saleem, M., Kweon, M.H., Johnson, J.J., Adhami, V.M., Elcheva, I., Khan, N., Bin Hafeez, B., Bhat, K.M., Sarfaraz, S., Reagan-Shaw, S. and Spiegelman, V.S. (2006). S100A4 accelerates tumorigenesis and invasion of human prostate cancer through the transcriptional regulation of matrix metalloproteinase 9. Proceedings of the National Academy of Sciences, 103(40), pp.14825-14830."
Salih,2021,"Salih, M.H., Al-Azzawie, A.F. and Al-Assie, A.H.A. (2021). Intronic SNPs and genetic diseases: a review. Int J Res Appl Sci Biotechnol, 8, pp.267-74."
Samanta,2014,"Samanta, D., Gilkes, D.M., Chaturvedi, P., Xiang, L. and Semenza, G.L. (2014). Hypoxia-inducible factors are required for chemotherapy resistance of breast cancer stem cells. Proceedings of the National Academy of Sciences, 111(50), pp.E5429-E5438."
Samsom,2022,"Samsom, K.G., Schipper, L.J., Roepman, P., Bosch, L.J., Lalezari, F., Klompenhouwer, E.G., de Langen, A.J., Buffart, T.E., Riethorst, I., Schoenmaker, L. and Schout, D. (2022). Feasibility of whole‐genome sequencing‐based tumor diagnostics in routine pathology practice. The Journal of pathology, 258(2), pp.179-188."
Sansregret,2017,"Sansregret, L. and Swanton, C. (2017). The role of aneuploidy in cancer evolution. Cold Spring Harbor perspectives in medicine, 7(1), p.a028373."
Santoni de Sio,2014,"Santoni de Sio, F.R. (2014). Kruppel-associated box (KRAB) proteins in the adaptive immune system. Nucleus, 5(2), pp.138-148."
Sarni,2016,"Sarni, D. and Kerem, B. (2016). The complex nature of fragile site plasticity and its importance in cancer. Current opinion in cell biology, 40, pp.131-136."
Sarni,2019,"Sarni, D., Sasaki, T., Miron, K., Tur-Sinai, M.I., Rivera-Mulia, J.C., Magnuson, B., Lungman, M., Gilbert, D.M. and Kerem, B. (2019). Replication timing and transcription identifies a novel fragility signature under replication stress. BioRxiv, p.716951."
Satam,2023,"Satam, H., Joshi, K., Mangrolia, U., Waghoo, S., Zaidi, G., Rawool, S., Thakare, R.P., Banday, S., Mishra, A.K., Das, G. and Malonia, S.K. (2023). Next-generation sequencing technology: current trends and advancements. Biology, 12(7), p.997"
Savage,2014,"Savage, K.I., Matchett, K.B., Barros, E.M., Cooper, K.M., Irwin, G.W., Gorski, J.J., Orr, K.S., Vohhodina, J., Kavanagh, J.N., Madden, A.F. and Powell, A. (2014). BRCA1 Deficiency Exacerbates Estrogen-Induced DNA Damage and Genomic InstabilityEstrogen-Induced Genomic Instability in BRCA1-Deficient Cells. Cancer research, 74(10), pp.2773-2784."
Saxena,2022,"Saxena, S. and Zou, L. (2022). Hallmarks of DNA replication stress. Molecular cell, 82(12), pp.2298-2314."
Schaffer,2019,"Schaffer, L.V., Millikin, R.J., Miller, R.M., Anderson, L.C., Fellers, R.T., Ge, Y., Kelleher, N.L., LeDuc, R.D., Liu, X., Payne, S.H. and Sun, L. (2019). Identification and quantification of proteoforms by mass spectrometry. Proteomics, 19(10), p.1800361."
Schäfer,2000,"Schäfer, B.W., Fritschy, J.M., Murmann, P., Troxler, H., Durussel, I., Heizmann, C.W. and Cox, J.A., (2000). Brain S100A5 is a novel calcium-, zinc-, and copper ion-binding protein of the EF-hand superfamily. Journal of Biological Chemistry, 275(39), pp.30623-30630."
Schlam,2021,"Schlam, I., Church, S.E., Hether, T.D., Chaldekas, K., Hudson, B.M., White, A.M., Maisonet, E., Harris, B.T. and Swain, S.M. (2021). The tumor immune microenvironment of primary and metastatic HER2− positive breast cancers utilizing gene expression and spatial proteomic profiling. Journal of Translational Medicine, 19, pp.1-14."
Schuijers,2018,"Schuijers, J., Manteiga, J.C., Weintraub, A.S., Day, D.S., Zamudio, A.V., Hnisz, D., Lee, T.I. and Young, R.A. (2018). Transcriptional dysregulation of MYC reveals common enhancer-docking mechanism. Cell reports, 23(2), pp.349-360."
Schwartz,2006,"Schwartz, M., Zlotorynski, E. and Kerem, B. (2006). The molecular basis of common and rare fragile sites. Cancer letters, 232(1), pp.13-26."
Selvakumar,2022,"Selvakumar, S.C., Preethi, K.A., Ross, K., Tusubira, D., Khan, M.W.A., Mani, P., Rao, T.N. and Sekar, D. (2022). CRISPR/Cas9 and next generation sequencing in the personalized treatment of Cancer. Molecular Cancer, 21(1), p.83."
Senchenko,2004,"Senchenko, V.N., Liu, J., Loginov, W., Bazov, I., Angeloni, D., Seryogin, Y., Ermilova, V., Kazubskaya, T., Garkavtseva, R., Zabarovska, V.I. and Kashuba, V.I. (2004). Discovery of frequent homozygous deletions in chromosome 3p21. 3 LUCA and AP20 regions in renal, lung and breast carcinomas. Oncogene, 23(34), pp.5719-5728."
Seo,2005,"Seo, J., Chung, Y.S., Sharma, G.G., Moon, E., Burack, W.R., Pandita, T.K. and Choi, K. (2005). Cdt1 transgenic mice develop lymphoblastic lymphoma in the absence of p53. Oncogene, 24(55), pp.8176-8186."
Serhii,2022,"Serhii, K., Anastasiia, H., Oksana, M., Liubov, S., Nataliia, V., Sergii, L., Kyrylo, L., Iryna, I., Rostyslav, S. and Alla, R. (2022). Tristetraproline in breast cancer: treat or trick?. bioRxiv, pp.2022-05."
Sethi,2023,"Sethi, R. (2023). Identification of structural variations from whole genome sequencing of cancer patients (Doctoral dissertation, Dissertation, Mainz, Johannes Gutenberg-Universität Mainz, 2023)."
Sgarbi,2018,"Sgarbi, G., Barbieri, E. and Gorini, G. (2018). ATP synthase dysfunction in cancer and neurodegeneration. Frontiers in Physiology, 9, p.1246."
Shah,2012,"Shah, S.P., Roth, A., Goya, R., Oloumi, A., Ha, G., Zhao, Y., Turashvili, G., Ding, J., Tse, K., Haffari, G. and Bashashati, A. (2012). The clonal and mutational evolution spectrum of primary triple-negative breast cancers. Nature, 486(7403), pp.395-399."
Shaikh,2021,"Shaikh Solaiman, N. (2021) The role of the RNA-binding protein ZFP36L1 in suppression of replication stress-induced genomic instability. PhD thesis, University of Westminster."
Shaikh,2022,"Shaikh, N., Mazzagatti, A., De Angelis, S., Johnson, S.C., Bakker, B., Spierings, D.C., Wardenaar, R., Maniati, E., Wang, J., Boemo, M.A. and Foijer, F. (2022). Replication stress generates distinctive landscapes of DNA copy number alterations and chromosome scale losses. Genome Biology, 23(1), p.223."
Sharma,2024,"Sharma, M.P., Shukla, S. and Misra, G. (2024). Recent advances in breast cancer cell line research. International Journal of Cancer, 154(10), pp.1683-1693."
Shendure,2017,"Shendure, J., Balasubramanian, S., Church, G.M., Gilbert, W., Rogers, J., Schloss, J.A. and Waterston, R.H. (2017) DNA sequencing at 40: past, present and future. Nature, 550(7676), pp.345-353."
Sher,2022,"Sher, G., Salman, N.A., Khan, A.Q., Prabhu, K.S., Raza, A., Kulinski, M., Dermime, S., Haris, M., Junejo, K. and Uddin, S. (2022), August. Epigenetic and breast cancer therapy: Promising diagnostic and therapeutic applications. In Seminars in cancer biology (Vol. 83, pp. 152-165). Academic Press."
Shi,2015,"Shi, J., Ren, Y., Zhen, L. and Qiu, X. (2015). Exosomes from breast cancer cells stimulate proliferation and inhibit apoptosis of CD133+ cancer cells in vitro. Molecular medicine reports, 11(1), pp.405-409."
Shiovitz,2015,"Shiovitz, S. and Korde, L.A. (2015). Genetics of breast cancer: a topic in evolution. Annals of Oncology, 26(7), pp.1291-1299."
Sidali,2023,"Sidali, A. (2023) The adenylate-uridylate-rich element RNA binding protein ZFP36L1 suppresses replication stress-induced genomic instability. PhD thesis, University of Westminster."
Sidali,2021,"Sidali, A., Teotia, V., Solaiman, N.S., Bashir, N., Kanagaraj, R., Murphy, J.J. and Surendranath, K. (2021). AU-rich element RNA binding proteins: at the crossroads of post-transcriptional regulation and genome integrity. International Journal of Molecular Sciences, 23(1), p.96."
Siegel,2019,"Siegel, R.L., Miller, K.D. and Jemal, A. (2019). Cancer statistics, 2019. CA: a cancer journal for clinicians, 69(1), pp.7-34."
Simpson,2021,"Simpson, B.S., Pye, H. and Whitaker, H.C. (2021). The oncological relevance of fragile sites in cancer. Communications Biology, 4(1), p.567."
Sinai,2018,"Sinai, M.I.T. and Kerem, B. (2018). DNA replication stress drives fragile site instability. Mutation Research/Fundamental and Molecular Mechanisms of Mutagenesis, 808, pp.56-61."
Singh,2023,"Singh, P. and Ali, S.A. (2023). S100 proteins in mammary gland regulation and their role in breast cancer metastasis. Advances in Cancer Biology-Metastasis."
Smith,2007,"Smith, D.I., McAvoy, S., Zhu, Y. and Perez, D.S. (2007), February. Large common fragile site genes and cancer. In Seminars in cancer biology (Vol. 17, No. 1, pp. 31-41). Academic Press."
Smith,2006,"Smith, D.I., Zhu, Y., McAvoy, S. and Kuhn, R. (2006). Common fragile sites, extremely large genes, neural development and cancer. Cancer letters, 232(1), pp.48-57."
Smith,2021,"Smith, L.M., Agar, J.N., Chamot-Rooke, J., Danis, P.O., Ge, Y., Loo, J.A., Paša-Tolić, L., Tsybin, Y.O., Kelleher, N.L. and Consortium for Top-Down Proteomics (2021). The human proteoform project: defining the human proteome. Science advances, 7(46), p.eabk0734."
Sobocińska,2021,"Sobocińska, J., Molenda, S., Machnik, M. and Oleksiewicz, U. (2021). KRAB-ZFP transcriptional regulators acting as oncogenes and tumor suppressors: an overview. International journal of molecular sciences, 22(4), p.2212."
Sobolewski,2022,"Sobolewski, C., Dubuquoy, L. and Legrand, N. (2022). MicroRNAs, tristetraprolin Family members and HuR: a complex interplay controlling cancer-related processes. Cancers, 14(14), p.3516."
Song,2021,"Song, W.M., Agrawal, P., Von Itter, R., Fontanals-Cirera, B., Wang, M., Zhou, X., Mahal, L.K., Hernando, E. and Zhang, B. (2021). Network models of primary melanoma microenvironments identify key melanoma regulators underlying prognosis. Nature communications, 12(1), p.1214."
Spadari,1982,"Spadari, S., Sala, F. and Pedrali-Noy, G. (1982). Aphidicolin: a specific inhibitor of nuclear DNA replication in eukaryotes. Trends in Biochemical Sciences, 7(1), pp.29-32."
Srikrishna,2009,"Srikrishna, G. and Freeze, H.H. (2009). Endogenous damage-associated molecular pattern molecules at the crossroads of inflammation and cancer. Neoplasia, 11(7), pp.615-628."
Srinivasan,2013,"Srinivasan, S.V., Dominguez-Sola, D., Wang, L.C., Hyrien, O. and Gautier, J. (2013). Cdc45 is a critical effector of myc-dependent DNA replication stress. Cell reports, 3(5), pp.1629-1639."
Stastna,2012,"Stastna, M. and Van Eyk, J.E. (2012). Analysis of protein isoforms: can we do it better?. Proteomics, 12(19-20), pp.2937-2948."
Stauber,2012,"Stauber, T., Jentsch, T. J. (2012). Chloride in vesicular trafficking and beyond. Nature Reviews Molecular Cell Biology, 14(7), 12-22."
Stauber,2012,"Stauber, T., Weinert, S. and Jentsch, T.J. (2012). Cell biology and physiology of CLC chloride channels and transporters. Comprehensive Physiology, 2(3), pp.1701-1744."
Steele,2022,"Steele, C.D., Abbasi, A., Islam, S.A., Bowes, A.L., Khandekar, A., Haase, K., Hames-Fathi, S., Ajayi, D., Verfaillie, A., Dhami, P. and McLatchie, A. (2022). Signatures of copy number alterations in human cancer. Nature, 606(7916), pp.984-991."
Sternlicht,2005,"Sternlicht, M.D. (2005). Key stages in mammary gland development: the cues that regulate ductal branching morphogenesis. Breast Cancer Research, 8(1), pp.1-11."
Stewart,2021,"Stewart, J.B. and Chinnery, P.F. (2021). Extreme heterogeneity of human mitochondrial DNA from organelles to populations. Nature Reviews Genetics, 22(2), pp.106-118."
Stingl,2007,"Stingl, J. and Caldas, C. (2007). Molecular heterogeneity of breast carcinomas and the cancer stem cell hypothesis. Nature Reviews Cancer, 7(10), pp.791-799."
Stumpo,2010,"Stumpo, D.J., Lai, W.S. and Blackshear, P.J. (2010). Inflammation: cytokines and RNA‐based regulation. Wiley Interdisciplinary Reviews: RNA, 1(1), pp.60-80."
Sugino,2022,"Sugino, H. and Sawada, Y. (2022). Influence of S100A2 in human diseases. Diagnostics, 12(7), p.1756."
Sun,2025,"Sun, S., Liu, L., Zhang, J., Sun, L., Shu, W., Yang, Z., Yao, H. and Zhang, Z. (2025). The role of neoantigens and tumor mutational burden in cancer immunotherapy: advances, mechanisms, and perspectives. Journal of Hematology & Oncology, 18(1), p.84."
Sung,2021,"Sung, H., Ferlay, J., Siegel, R.L., Laversanne, M., Soerjomataram, I., Jemal, A. and Bray, F. (2021). Global cancer statistics 2020: GLOBOCAN estimates of incidence and mortality worldwide for 36 cancers in 185 countries. CA: a cancer journal for clinicians, 71(3), pp.209-249."
Sutherland,1991,"Sutherland, G.R. (1991). Chromosomal fragile sites. Genetic Analysis: Biomolecular Engineering, 8(6), pp.161-166."
Sweeney,2017,"Sweeney, P., Park, H., Baumann, M., Dunlop, J., Frydman, J., Kopito, R., McCampbell, A., Leblanc, G., Venkateswaran, A., Nurmi, A. and Hodgson, R. (2017). Protein misfolding in neurodegenerative diseases: implications and strategies. Translational neurodegeneration, 6, pp.1-13."
Szymonowicz,2020,"Szymonowicz, K.A. and Chen, J. (2020). Biological and clinical aspects of HPV-related cancers. Cancer biology & medicine, 17(4), p.864."
Tao,2019,"Tao, L., Zhou, J., Yuan, C., Zhang, L., Li, D., Si, D., Xiu, D. and Zhong, L. (2019). Metabolomics identifies serum and exosomes metabolite markers of pancreatic cancer. Metabolomics, 15, pp.1-11."
Tata,2016,"Tata, P.R. and Rajagopal, J. (2016). Cellular plasticity: 1712 to the present day. Current opinion in cell biology, 43, pp.46-54."
Taymaz-Nikerel,2018,"Taymaz-Nikerel, H., Karabekmez, M.E., Eraslan, S. and Kırdar, B. (2018). Doxorubicin induces an extensive transcriptional and metabolic rewiring in yeast cells. Scientific reports, 8(1), p.13672."
Teotia,2024,"Teotia, V. (2024) Investigating the involvement of RNA-binding protein ZFP36L1 in breast cancer progression. PhD thesis, University of Westminster."
Thorvaldsdóttir,2013,"Thorvaldsdóttir, H., Robinson, J.T. and Mesirov, J.P. (2013). Integrative Genomics Viewer (IGV): high-performance genomics data visualization and exploration. Briefings in bioinformatics, 14(2), pp.178-192."
Tiessen,2012,"Tiessen, Axel, Paulino Pérez-Rodríguez, and Luis José Delaye-Arredondo. ""Mathematical modeling and comparison of protein size distribution in different plant, animal, fungal and microbial species reveals a negative correlation between protein size and protein number, thus providing insight into the evolution of proteomes."" BMC research notes 5 (2012): 1-23."
Timofeeva,2015,"Timofeeva, M.N., Kinnersley, B., Farrington, S.M., Whiffin, N., Palles, C., Svinti, V., Lloyd, A., Gorman, M., Ooi, L.Y., Hosking, F. and Barclay, E. (2015). Recurrent coding sequence variation explains only a small fraction of the genetic architecture of colorectal cancer. Scientific reports, 5(1), p.16286."
Tinsley,2024,"Tinsley, E., Bredin, P., Toomey, S., Hennessy, B.T. and Furney, S.J. (2024). KMT2C and KMT2D aberrations in breast cancer. Trends in Cancer."
Tock,2005,"Tock, M.R. and Dryden, D.T. (2005) The biology of restriction and anti-restriction. Current opinion in microbiology, 8(4), pp.466-472."
Tufail,2022,"Tufail, M., Cui, J. and Wu, C. (2022). Breast cancer: molecular mechanisms of underlying resistance and therapeutic approaches. American journal of cancer research, 12(7), p.2920."
Técher,2017,"Técher, H., Koundrioukoff, S., Nicolas, A. and Debatisse, M. (2017). The impact of replication stress on replication dynamics and DNA damage in vertebrate cells. Nature Reviews Genetics, 18(9), pp.535-550."
Uboveja,2020,"Uboveja, A., Satija, Y.K., Siraj, F., Sharma, I. and Saluja, D. (2020). p73–NAV3 axis plays a critical role in suppression of colon cancer metastasis. Oncogenesis, 9(2), p.12."
Velten,2021,"Velten, L., Story, B.A., Hernández-Malmierca, P., Raffel, S., Leonce, D.R., Milbank, J., Paulsen, M., Demir, A., Szu-Tu, C., Frömel, R. and Lutz, C. (2021). Identification of leukemic and pre-leukemic stem cells by clonal tracking from single-cell transcriptomics. Nature communications, 12(1), p.1366."
Vinik,2020,"Vinik, Y., Ortega, F.G., Mills, G.B., Lu, Y., Jurkowicz, M., Halperin, S., Aharoni, M., Gutman, M. and Lev, S. (2020). Proteomic analysis of circulating extracellular vesicles identifies potential markers of breast cancer progression, recurrence, and response. Science advances, 6(40), p.eaba5714."
Vogel,2016,"Vogel, K.U., Bell, L.S., Galloway, A., Ahlfors, H. and Turner, M. (2016). The RNA-binding proteins Zfp36l1 and Zfp36l2 enforce the thymic β-selection checkpoint by limiting DNA damage response signaling and cell cycle progression. The Journal of Immunology, 197(7), pp.2673-2685."
Vollger,2023,"Vollger, M.R., Dishuck, P.C., Harvey, W.T., DeWitt, W.S., Guitart, X., Goldberg, M.E., Rozanski, A.N., Lucas, J., Asri, M. and Munson, K.M. (2023). Increased mutation and gene conversion within human segmental duplications. Nature, 617(7960), pp.325-334."
Voss,2014,"Voss, F.K., Ullrich, F. and Münch, J. (2014). Identification of LRRC8 heteromers as an essential component of the volume-regulated anion channel VRAC. Science, 344(6184), pp.634-638."
Wang,2021,"Wang, H., Guo, S., Kim, S.J., Shao, F., Ho, J.W.K., Wong, K.U., Miao, Z., Hao, D., Zhao, M., Xu, J. and Zeng, J. (2021). Cisplatin prevents breast cancer metastasis through blocking early EMT and retards cancer growth together with paclitaxel. Theranostics, 11(5), p.2442."
Wang,2017,"Wang, M., Zhao, J., Zhang, L., Wei, F., Lian, Y., Wu, Y., Gong, Z., Zhang, S., Zhou, J., Cao, K. and Li, X. (2017). Role of tumor microenvironment in tumorigenesis. Journal of Cancer, 8(5), p.761."
Wang,2020,"Wang, R., Li, B., Lam, S.M. and Shui, G. (2020). Integration of lipidomics and metabolomics for in-depth understanding of cellular mechanism and disease progression. Journal of genetics and genomics, 47(2), pp.69-83."
Wang,2021,"Wang, X., Jia, J., Gu, X., Zhao, W.W., Chen, C., Wu, W., Wang, J. and Xu, M. (2021). Screening of breast cancer methylation biomarkers based on the TCGA database. International Journal of General Medicine, pp.9833-9839."
Wang,2005,"Wang, Y., Putnam, C.D., Kane, M.F., Zhang, W., Edelmann, L., Russell, R., Carrión, D.V., Chin, L., Kucherlapati, R., Kolodner, R.D. and Edelmann, W. (2005). Mutation in Rpa1 results in defective DNA double-strand break repair, chromosomal instability and cancer in mice. Nature genetics, 37(7), pp.750-755."
Wang,2015,"Wang, Y., Zhang, T., Kwiatkowski, N., Abraham, B.J., Lee, T.I., Xie, S., Yuzugullu, H., Von, T., Li, H., Lin, Z. and Stover, D.G. (2015). CDK7-dependent transcriptional addiction in triple-negative breast cancer. Cell, 163(1), pp.174-186."
Wang,2025,"Wang, Z., Huang, D., Li, S. and Ke, L. (2025). Role of tumor mutational burden in patients with urothelial carcinoma treated with immune checkpoint inhibitors: a systematic review and meta-analysis. Frontiers in Immunology, 16, p.1592761."
Wasinger,1995,"Wasinger, V.C., Cordwell, S.J., Cerpa‐Poljak, A., Yan, J.X., Gooley, A.A., Wilkins, M.R., Duncan, M.W., Harris, R., Williams, K.L. and Humphery‐Smith, I. (1995). Progress with gene‐product mapping of the Mollicutes: Mycoplasma genitalium. Electrophoresis, 16(1), pp.1090-1094."
Watson,2013,"Watson, I.R., Takahashi, K., Futreal, P.A. and Chin, L. (2013). Emerging patterns of somatic mutations in cancer. Nature Reviews Genetics, 14(10), pp.703-718."
Weigelt,2010,"Weigelt, B., Geyer, F.C. and Reis-Filho, J.S. (2010). Histological types of breast cancer: how special are they?. Molecular oncology, 4(3), pp.192-208."
Welch,2013,"Welch, B.M. and Kawamoto, K. (2013). The need for clinical decision support integrated with the electronic health record for the clinical application of whole genome sequencing information. Journal of personalized medicine, 3(4), pp.306-325."
Whittaker,2019,"Whittaker, K., Burgess, R., Jones, V., Yang, Y., Zhou, W., Luo, S., Wilson, J. and Huang, R.P. (2019). Quantitative proteomic analyses in blood: A window to human health and disease. Journal of leukocyte biology, 106(3), pp.759-775."
Wilczyński,2021,"Wilczyński, B., Dąbrowska, A., Saczko, J. and Kulbacka, J. (2021). The role of chloride channels in the multidrug resistance. Membranes, 12(1), p.38."
Wilczyński,2021,"Wilczyński, B., Song, Y. and Patel, K. (2021). Ion channels and metastasis: How ion transport influences cancer cell migration. Trends in Cancer, 7(5), pp.366-380."
Wilczyński,2021,"Wilczyński, B., Song, Y., & Patel, K. (2021). Ion channels in cancer: New insights into metastasis and therapy resistance. Trends in Cancer, 7(5), 366-380."
Woodward,2021,"Woodward, E.R., van Veen, E.M. and Evans, D.G. (2021). From BRCA1 to polygenic risk scores: mutation-associated risks in breast cancer-related genes. Breast Care, 16(3), pp.202-213."
Wu,2022,"Wu, K., Zou, L., Lei, X. and Yang, X. (2022). Roles of ABCA1 in cancer. Oncology Letters, 24(4), p.349."
Wu,2020,"Wu, S.C. (2020). Elucidating the Mechanism through which Loss-of-Function in RB1 Mediates Poor Prognosis in Osteosarcoma (Doctoral dissertation, University of California, Irvine)."
Wu,2014,"Wu, X., Renuse, S., Sahasrabuddhe, N.A., Zahari, M.S., Chaerkady, R., Kim, M.S., Nirujogi, R.S., Mohseni, M., Kumar, P., Raju, R. and Zhong, J. (2014). Activation of diverse signalling pathways by oncogenic PIK3CA mutations. Nature communications, 5(1), p.4961."
Xiong,2025,"Xiong, X., Zheng, L.W., Ding, Y., Chen, Y.F., Cai, Y.W., Wang, L.P., Huang, L., Liu, C.C., Shao, Z.M. and Yu, K.D. (2025). Breast cancer: pathogenesis and treatments. Signal Transduction and Targeted Therapy, 10(1), p.49."
Xu,2011,"Xu, J., Liu, Y., & Liu, S. (2011). The role of CLC-3 in cancer cell proliferation and migration. Journal of Cancer Research and Clinical Oncology, 137(12), 1857-1865."
Xu,2024,"Xu, L., Chen, X.J., Yan, Q., Lei, X.T., Liu, H.L., Xu, J.P., Shang, W.T., Huang, J.L., Chen, Z.T., Tan, X.L. and Lin, H.J. (2024). Zinc finger protein 180 induces an apoptotic phenotype by activating METTL14 transcriptional activity in colorectal cancer. Oncology Reports, 52(4), pp.1-18."
Xu,2011,"Xu, Y., Zheng, H., Kang, J.S., Zhang, L., Su, J., Li, H.Y. and Sun, L.K. (2011). 5‐Nitro‐2‐(3‐phenylpropylamino) benzoic acid induced drug resistance to cisplatin in human erythroleukemia cell lines. The Anatomical Record: Advances in Integrative Anatomy and Evolutionary Biology, 294(6), pp.945-952."
Yang,2019,"Yang, M., Zeng, C., Li, P., Qian, L., Ding, B., Huang, L., Li, G., Jiang, H., Gong, N. and Wu, W. (2019). Impact of CXCR4 and CXCR7 knockout by CRISPR/Cas9 on the function of triple-negative breast cancer cells. OncoTargets and therapy, 12, p.3849."
Yao,2019,"Yao, C.H., Wang, L., Stancliffe, E., Sindelar, M., Cho, K., Yin, W., Wang, Y. and Patti, G.J. (2019). Dose-response metabolomics to understand biochemical mechanisms and off-target drug effects with the TOXcms software. Analytical chemistry, 92(2), pp.1856-1864."
Yao,2014,"Yao, Y. and Dai, W. (2014). Genomic instability and cancer. Journal of carcinogenesis & mutagenesis, 5, p.1000165."
Yin,2020,"Yin, L., Duan, J.J., Bian, X.W. and Yu, S.C. (2020). Triple-negative breast cancer molecular subtyping and treatment progress. Breast Cancer Research, 22, pp.1-13."
Yue,2013,"Yue, W., Yager, J.D., Wang, J.P., Jupe, E.R. and Santen, R.J. (2013). Estrogen receptor-dependent and independent mechanisms of breast cancer carcinogenesis. Steroids, 78(2), pp.161-170."
Zechel,2019,"Zechel, S., Hager, M.D., Priemel, T. and Harrington, M.J. (2019). Healing through histidine: Bioinspired pathways to self-healing polymers via imidazole–metal coordination. Biomimetics, 4(1), p.20."
Zekavati,2014,"Zekavati, A., Nasir, A., Alcaraz, A., Aldrovandi, M., Marsh, P., Norton, J.D. and Murphy, J.J. (2014). Post-transcriptional regulation of BCL2 mRNA by the RNA-binding protein ZFP36L1 in malignant B cells. PloS one, 9(7), p.e102625."
Zeman,2014,"Zeman, M.K. and Cimprich, K.A. (2014). Causes and consequences of replication stress. Nature cell biology, 16(1), pp.2-9."
Zhang,2021,"Zhang, D., Zhou, Z., Yang, R., Zhang, S., Zhang, B., Tan, Y., Chen, L., Li, T. and Tu, J. (2021). Tristetraprolin, a potential safeguard against carcinoma: role in the tumor microenvironment. Frontiers in Oncology, 11, p.632189."
Zhang,2013,"Zhang, H., Liu, J., Yue, D., Gao, L., Wang, D., Zhang, H. and Wang, C. (2013). Clinical significance of E-cadherin, β-catenin, vimentin and S100A4 expression in completely resected squamous cell lung carcinoma. Journal of clinical pathology, 66(11), pp.937-945."
Zhang,2021,"Zhang, H., Qin, C., An, C., Zheng, X., Wen, S., Chen, W., Liu, X., Lv, Z., Yang, P., Xu, W. and Gao, W. (2021). Application of the CRISPR/Cas9-based gene editing technique in basic research, diagnosis, and therapy of cancer. Molecular Cancer, 20, pp.1-22."
Zhang,2013,"Zhang, H.Y., Liang, F., Jia, Z.L., Song, S.T. and Jiang, Z.F. (2013). PTEN mutation, methylation and expression in breast cancer patients. Oncology letters, 6(1), pp.161-168."
Zhang,2020,"Zhang, X.W., Li, Q.H. and Dou, J.J. (2020). Mass spectrometry-based metabolomics in health and medical science: A systematic review. RSC advances, 10(6), pp.3092-3104."
Zhang,2020,"Zhang, Y., Zhang, Y., Gao, W., Zhou, R., Liu, F. and Ng, T.B. (2020). A novel antitumor protein from the mushroom Pholiota nameko induces apoptosis of human breast adenocarcinoma MCF-7 cells in vivo and modulates cytokine secretion in mice bearing MCF-7 xenografts. International Journal of Biological Macromolecules, 164, pp.3171-3178."
Zhao,2017,"Zhao, M., Howard, E.W., Guo, Z., Parris, A.B. and Yang, X. (2017). p53 pathway determines the cellular response to alcohol-induced DNA damage in MCF-7 breast cancer cells. PLoS One, 12(4), p.e0175121."
Zhou,2009,"Zhou, J., Liu, L., Shi, Z., Du, G. and Chen, J. (2009). ATP in current biotechnology: regulation, applications and perspectives. Biotechnology advances, 27(1), pp.94-101."
Zhu,2017,"Zhu, Y.O., Sherlock, G. and Petrov, D.A. (2017). Extremely rare polymorphisms in Saccharomyces cerevisiae allow inference of the mutational spectrum. PLoS genetics, 13(1), p.e1006455."
Zimmer,2013,"Zimmer, D.B., Eubanks, J.O., Ramakrishnan, D. and Criscitiello, M.F. (2013). Evolution of the S100 family of calcium sensor proteins. Cell calcium, 53(3), pp.170-179."
Zimmer,2003,"Zimmer, D.B., Wright Sadosky, P. and Weber, D.J. (2003). Molecular mechanisms of S100‐target protein interactions. Microscopy research and technique, 60(6), pp.552-559."
Zou,2020,"Zou, Y., Fineberg, S., Pearlman, A., Feinman, R.D. and Fine, E.J. (2020) The effect of a ketogenic diet and synergy with rapamycin in a mouse model of breast cancer. PloS one, 15(12), p.e0233662."
